"Comment","Designator","Footprint","LCSC Part Number","MPN","Manufacturer","Description"
"100nF","C1,C2,C5,C6","0805","C49678","CC0805KRX7R9BB104","YAGEO","100nF 50V X7R ±10% 0805 Multilayer Ceramic Capacitors MLCC - SMD/SMT ROHS"
"10µF","C3,C4","0805","C15850","CL21A106KAYNNNE","Samsung Electro-Mechanics","10uF 25V X5R ±10% 0805 Multilayer Ceramic Capacitors MLCC - SMD/SMT ROHS"
"USB","J1","Through Hole","C240850","548190519","MOLEX","USB 2.0 1 5P Female Mini-B Through Hole USB Connectors ROHS"
"CPC_MX4-EDGE_CONNECTOR","J3","Push-Pull,P=2.54mm","C601962","321050RG0ABK00A04","JILN","-40℃~+105℃ 2 2.54mm 2.54mm 25 2x25P 3A Black Brass Gold IDC Header Right Angle Push-Pull,P=2.54mm IDC Connectors ROHS"
"10kΩ","R1,R2","0805","C17414","0805W8F1002T5E","UNI-ROYAL(Uniroyal Elec)","-55℃~+155℃ 10kΩ 125mW 150V Thick Film Resistor ±1% ±100ppm/℃ 0805 Chip Resistor - Surface Mount ROHS"
"100Ω","R3","0805","C17408","0805W8F1000T5E","UNI-ROYAL(Uniroyal Elec)","-55℃~+155℃ 100Ω 125mW 150V Thick Film Resistor ±1% ±100ppm/℃ 0805 Chip Resistor - Surface Mount ROHS"
"Alternate,Disable,Reset","SW1,SW2,SW3","SMD,6x6mm","C499330","TS-1037-A10B3-D2","Yuandi","6mm 8.5mm Round Button 50mA Surface Mount, Right Angle 6mm SPST 12V SMD,6x6mm Tactile Switches ROHS"
"SST39SF040","U2","Through Hole","C3170596","8432-11B1-RK-TP","3M","32P PLCC Tin Copper Alloy -40℃~+105℃ 2.54mm Through Hole IC / Transistor Socket ROHS"
"XC9572XL-PC44","U3","Through Hole","C5544025","940-44-044-24-000000","Mill-Max Mfg. Corp.","44P PLCC Tin Beryllium Copper -55℃~+125℃ 2.54mm Through Hole IC / Transistor Socket ROHS"
"CH340N","U4","SOP-8","C2977777","CH340N","WCH","12Mbps USB to serial USB 2.0 SOP-8 USB Converters ROHS"
"AMS1117-3.3","U12","SOT-223-3","C6186","AMS1117-3.3","Advanced Monolithic Systems","72dB@(120Hz) 1A Fixed 3.3V Positive 16V SOT-223 Voltage Regulators - Linear, Low Drop Out (LDO) Regulators ROHS"
