"Designator","Val","Package","Mid X","Mid Y","Rotation","Layer"
"U4","CH340N","DIP-8_W7.62mm_Socket_SOP-8","19.810000mm","-30.990000mm","180.000000","top"
"U12","AMS1117-3.3","SOT-223-3_TabPin2","29.972000mm","-13.843000mm","270.000000","top"
"SW3","Reset","SW_Tactile_SPST_Angled_PTS645Vx39-2LFS_Shield_THT_SMD","73.745000mm","-3.727500mm","180.000000","top"
"SW2","Disable","SW_Tactile_SPST_Angled_PTS645Vx39-2LFS_Shield_THT_SMD","23.905000mm","-3.727500mm","180.000000","top"
"SW1","Alternate","SW_Tactile_SPST_Angled_PTS645Vx39-2LFS_Shield_THT_SMD","6.675000mm","-3.727500mm","180.000000","top"
"R3","100Ω","R_Axial_DIN0204_L3.6mm_D1.6mm_P5.08mm_Horizontal_Color_THT_SMD","66.357500mm","-5.080000mm","270.000000","top"
"R2","10kΩ","R_Axial_DIN0204_L3.6mm_D1.6mm_P5.08mm_Horizontal_Color_THT_SMD","16.510000mm","-5.080000mm","270.000000","top"
"R1","10kΩ","R_Axial_DIN0204_L3.6mm_D1.6mm_P5.08mm_Horizontal_Color_THT_SMD","13.970000mm","-5.080000mm","270.000000","top"
"C6","100nF","C_MLCC_D3.0mm_W1.6mm_P5.00mm_Centered_THT_SMD","32.025000mm","-32.300000mm","270.000000","top"
"C5","100nF","C_MLCC_D3.0mm_W1.6mm_P5.00mm_Centered_THT_SMD","28.025000mm","-32.300000mm","90.000000","top"
"C4","10µF","C_MLCC_D3.0mm_W1.6mm_P5.00mm_Centered_THT_SMD","32.025000mm","-23.300000mm","270.000000","top"
"C3","10µF","C_MLCC_D3.0mm_W1.6mm_P5.00mm_Centered_THT_SMD","28.025000mm","-23.300000mm","270.000000","top"
"C2","100nF","C_MLCC_D3.0mm_W1.6mm_P5.00mm_Centered_THT_SMD","50.460000mm","-11.738500mm","180.000000","top"
"C1","100nF","C_MLCC_D3.0mm_W1.6mm_P5.00mm_Centered_THT_SMD","40.460000mm","-11.738500mm","180.000000","top"
"J3","CPC MX4-EDGE CONNECTOR","CPC_MX4-EDGE_SLOT","39.231500mm","-42.420000mm","180.000000","top"
"U2","SST39SF040","PLCC-32_THT-Socket_Rounded_Corners","44.190000mm","-25.360500mm","0.000000","top"
"U3","XC9572XL-PC44","PLCC-44_THT-Socket_Rounded_Corners","67.050000mm","-23.968500mm","0.000000","top"
"J1","USB","USB_Mini_B_Female_548190519_Proper","5.825000mm","-30.330000mm","270.000000","top"
