"Designator","Val","Package","Mid X","Mid Y","Rotation","Layer"
"C1","100nF","C_0805_2012Metric_Pad1.18x1.45mm_HandSolder","10.327500mm","-3.435000mm","180.000000","top"
"C2","100nF","C_0805_2012Metric_Pad1.18x1.45mm_HandSolder","10.327500mm","-19.800000mm","180.000000","top"
"C3","100nF","C_0805_2012Metric_Pad1.18x1.45mm_HandSolder","10.327500mm","-36.800000mm","180.000000","top"
"C4","100nF","C_0805_2012Metric_Pad1.18x1.45mm_HandSolder","6.752500mm","-2.935000mm","0.000000","bottom"
"C5","100nF","C_0805_2012Metric_Pad1.18x1.45mm_HandSolder","7.452500mm","-19.300000mm","0.000000","bottom"
"C6","100nF","C_0805_2012Metric_Pad1.18x1.45mm_HandSolder","7.452500mm","-36.300000mm","0.000000","bottom"
"C7","47pF","C_0805_2012Metric_Pad1.18x1.45mm_HandSolder","13.650000mm","-15.007500mm","270.000000","bottom"
"J1","DIP40-L","PinHeader_1x20_P2.54mm_Vertical","1.270000mm","-25.400000mm","90.000000","bottom"
"J2","DIP40-R","PinHeader_1x20_P2.54mm_Vertical","16.510000mm","-25.400000mm","90.000000","bottom"
"U1","74LS00","SOIC-14_3.9x8.7mm_P1.27mm","8.890000mm","-10.500000mm","270.000000","top"
"U2","74LS157","SOIC-16_3.9x9.9mm_P1.27mm","8.890000mm","-27.500000mm","270.000000","top"
"U3","74LS157","SOIC-16_3.9x9.9mm_P1.27mm","8.890000mm","-44.500000mm","270.000000","top"
"U4","74LS32","SOIC-14_3.9x8.7mm_P1.27mm","8.190000mm","-10.000000mm","270.000000","bottom"
"U5","74LS157","SOIC-16_3.9x9.9mm_P1.27mm","8.890000mm","-27.000000mm","270.000000","bottom"
"U6","74LS157","SOIC-16_3.9x9.9mm_P1.27mm","8.890000mm","-44.000000mm","270.000000","bottom"
