"Comment","Designator","Footprint","LCSC Part Number"
"100nF_100nF_50V_X7R_±10%_0805_Multilayer_Ceramic_Capacitors_MLCC_-_SMD/SMT_ROHS","C1,C2,C3,C4,C5,C6","0805","C49678"
"47pF_47pF_50V_C0G_±5%_0805_Multilayer_Ceramic_Capacitors_MLCC_-_SMD/SMT_ROHS","C7","0805","C14857"
"-40℃~+105℃_1_1x20P_2.54mm_20P_3A_3mm_3mm_4.13mm_Black_Brass_Gold_Round_Pin_Through_Hole_Plugin,P=2.54mm_Pin_Headers_ROHS","J1,J2","Plugin,P=2.54mm","C5156447"
"74LS00_0℃~+70℃_15ns@5V,15pF_2_2.5V_2V_4_4.75V~5.25V_400uA_500mV_74LS_Series_800mV_8mA_NAND_Gate_SOIC-14_Logic_Gates_ROHS","U1","SOIC-14","C74558"
"74LS157_0℃~+70℃_4.75V~5.25V_400uA_8mA_Single_Supply_SOIC-16_Signal_Switches,_Multiplexers,_Decoders_ROHS","U2,U3,U5,U6","SOIC-16","C2653294"
"74LS32_0℃~+70℃_2_2.7V~3.4V_22ns@5V,15pF_2V_4_4.75V~5.25V_400uA_500mV_74LS_Series_800mV_8mA_OR_Gate_SOIC-14_Logic_Gates_ROHS","U4","SOIC-14","C116812"
