"Designator","Val","Package","Mid X","Mid Y","Rotation","Layer"
"R1","470Ω","R_0805_2012Metric_Pad1.20x1.40mm_HandSolder","5.675000mm","-16.370000mm","180.000000","top"
"U2","62256","SOP-28_W8.636xL18.491mm_P1.27mm","25.000000mm","-41.270000mm","270.000000","top"
"U3","6264","SOP-28_W8.636xL18.491mm_P1.27mm","75.000000mm","-41.270000mm","270.000000","top"
"C3","100nF","C_0805_2012Metric_Pad1.18x1.45mm_HandSolder","81.000000mm","-30.000000mm","0.000000","top"
"C2","100nF","C_0805_2012Metric_Pad1.18x1.45mm_HandSolder","31.000000mm","-30.000000mm","0.000000","top"
"C1","100nF","C_0805_2012Metric_Pad1.18x1.45mm_HandSolder","66.000000mm","-16.400000mm","0.000000","top"
"C4","220µF","CP_EIA-7343-43_AVX-X_L7.30xW4.30xH4.10_P5.70_Pad2.25x2.55mm_HandSolder","8.000000mm","-31.000000mm","180.000000","top"
"RN1","10kΩ","R_Network_Convex_8x0603_Bussed_L6.40xW3.20xH0.60mm_P1.27mm","48.000000mm","-19.080000mm","270.000000","top"
"SW2","SETTINGS","SW_DIP_SPSTx08_Slide_6.7x21.88mm_W8.61mm_P2.54mm_LowProfile","28.440000mm","-17.955000mm","0.000000","top"
"SW1","~RESET","SW_Tactile_SPST_Angled_PTS645Vx39-2LFS_Shield_THT_SMD","13.500000mm","-2.775000mm","180.000000","top"
"U1","74LS21","SOIC-14_3.9x8.7mm_P1.27mm","60.000000mm","-20.000000mm","270.000000","top"
