"Comment","Designator","Footprint","LCSC Part Number"
"100nF_50V","C1,C2,C3","0805","C49678"
"220µF_16V","C4","EIA-7343-43","C7231"
"470Ω_1/8W_1%","R1","0805","C17801"
"10kΩ_8_Bussed_Resistor_Network","RN1","2512x8","C1359146"
"~RESET_6x6mm_11mm_Round_Button_Bend-in_6mm_SPST_250gf_Plugin,6x6mm_Tactile_Switches","SW1","6x6mm","C499330"
"SETTINGS_Slide_Switch","SW2","DIP-8 SMD","C5496275"
"74LS21_Dual_4_Input_AND_Gates","U1","SOIC-14","C2863615"
"62256_SRAM","U2","SOP-28","C2960947"
"6264_SRAM","U3","SOP-28","C1351073"
