Designator,Val,Package,Mid X,Mid Y,Rotation,Layer
D1,1N4148,D_DO-34_SOD68_P5.08mm_Horizontal_THT_SMD,77.325000mm,-11.430000mm,0,top
D2,1N4148,D_DO-34_SOD68_P5.08mm_Horizontal_THT_SMD,42.545000mm,-13.970000mm,0,top
D3,1N4148,D_DO-34_SOD68_P5.08mm_Horizontal_THT_SMD,77.325000mm,-19.050000mm,0,top
D4,BAT86,D_DO-34_SOD68_P5.08mm_Horizontal_THT_SMD,7.620000mm,-21.590000mm,0,top
D5,1N4148,D_DO-34_SOD68_P5.08mm_Horizontal_THT_SMD,25.400000mm,-21.590000mm,0,top
J1,RGBS,DIN-8_DIN-804_270_Connector_Receptacle_Female,59.030000mm,-10.333500mm,180,top
J3,PCW,JST_XH_B6B-XH-A_1x06_P2.50mm_Vertical,77.475000mm,-37.525000mm,270,top
J4,PCW MX4-EDGE-CENTRONICS CONNECTOR,MX4-EDGE-CENTRONICS_SLOT,41.580000mm,-63.507500mm,180,top
R1,100Ω,R_Axial_DIN0204_L3.6mm_D1.6mm_P5.08mm_Horizontal_Color_THT_SMD,42.545000mm,-8.890000mm,0,top
R2,390Ω,R_Axial_DIN0204_L3.6mm_D1.6mm_P5.08mm_Horizontal_Color_THT_SMD,77.325000mm,-8.890000mm,180,top
R3,200Ω,R_Axial_DIN0204_L3.6mm_D1.6mm_P5.08mm_Horizontal_Color_THT_SMD,42.545000mm,-11.430000mm,0,top
R4,200Ω,R_Axial_DIN0204_L3.6mm_D1.6mm_P5.08mm_Horizontal_Color_THT_SMD,77.325000mm,-13.970000mm,180,top
R5,390Ω,R_Axial_DIN0204_L3.6mm_D1.6mm_P5.08mm_Horizontal_Color_THT_SMD,42.545000mm,-16.510000mm,0,top
R6,200Ω,R_Axial_DIN0204_L3.6mm_D1.6mm_P5.08mm_Horizontal_Color_THT_SMD,77.325000mm,-16.510000mm,180,top
R7,1kΩ,R_Axial_DIN0204_L3.6mm_D1.6mm_P5.08mm_Horizontal_Color_THT_SMD,42.545000mm,-21.590000mm,0,top
R8,390Ω,R_Axial_DIN0204_L3.6mm_D1.6mm_P5.08mm_Horizontal_Color_THT_SMD,77.325000mm,-21.590000mm,180,top
SW1,MODE,SW_Tactile_SPST_Angled_PTS645Vx39-2LFS_Shield_THT_SMD,15.527500mm,-4.045000mm,180,top
