"Designator","Val","Package","Mid X","Mid Y","Rotation","Layer"
"R3","1kΩ","R_0805_2012Metric_Pad1.20x1.40mm_HandSolder","16.858000mm","-13.072500mm","180.000000","top"
"R5","3.3kΩ","R_0805_2012Metric_Pad1.20x1.40mm_HandSolder","9.850000mm","-13.750000mm","0.000000","top"
"Q1","BC848C","SOT-23_Handsoldering","8.850000mm","-9.800000mm","90.000000","top"
"J1","INPUT","DIN-7_RTLECS_DS-7-101_Connector_Receptacle_Female","12.500000mm","-21.325000mm","0.000000","top"
"C2","100nF","C_0805_2012Metric","20.395500mm","-9.280500mm","0.000000","top"
"C1","22µF","C_0805_2012Metric","20.395500mm","-6.740500mm","0.000000","top"
"F1","TPS25200","WSON-6-1EP_2x2mm_P0.65mm_EP1x1.6mm","16.625000mm","-8.565500mm","270.000000","top"
"R2","300kΩ","R_0805_2012Metric_Pad1.20x1.40mm_HandSolder","16.858000mm","-11.165500mm","180.000000","top"
"R1","68kΩ","R_0805_2012Metric_Pad1.20x1.40mm_HandSolder","15.625000mm","-5.715000mm","180.000000","top"
"D1","KDZVTFTR5.1B","D_SOD-123FL","17.408000mm","-15.240000mm","0.000000","top"
"J2","OUTPUT","PinHeader_1x05_P2.54mm_Vertical","24.525500mm","-1.875000mm","90.000000","top"
"LED1","+5V","LED_D3.0mm_THT_SMD_gap","3.175000mm","-5.080000mm","0.000000","top"
"LED2","FAULT","LED_D3.0mm_THT_SMD_gap","3.175000mm","-11.430000mm","0.000000","top"
"R4","2.2kΩ","R_0805_2012Metric_Pad1.20x1.40mm_HandSolder","9.407500mm","-5.715000mm","180.000000","top"
