"Comment","Designator","Footprint","LCSC Part Number"
"100nF MLCC","C1,C2,C3,C4,C5,C6,C7,C8,C9,C14","P5mm","C263184"
"10nF MLCC","C10","P5mm","C2761739"
"10µF MLCC","C11,C12","P5mm","C2761740"
"2.2µF MLCC","C13","P5mm","C2976626"
"1N4148","D1,D2,D3,D4,D5,D6","DO-35","C402212"
"SB130-T","D7","DO-41","C7428109"
"PPTC 6V PPTC Fuse","F1","DIP-2","C2936134"
"POWER USB Type-C 2P 90 2J","J1","DIP-14","C30167320"
"INPUT","J2","DIP-14",""
"iBUS","J3","DIP-14",""
"OUTPUT","J4","DIP-14",""
"PWR","LED1","⌀3.0mm","C440523"
"A","LED2","⌀3.0mm","C440523"
"PC","LED3","⌀3.0mm","C2895476"
"CLK","LED4","⌀3.0mm","C2895474"
"STEP","LED5","⌀3.0mm","C2895458"
"BC547","Q1","TO-92-3","C713614"
"2.2kΩ 1/8W 1%","R1","DIN0204","C58682"
"680Ω 1/8W 1%","R2,R4,R5,R6","DIN0204","C337136"
"10kΩ 1/8W 1%","R3,R8","DIN0204","C713919"
"47kΩ 1/8W 1%","R7","DIN0204","C58677"
"1kΩ 5 bussed resistor network","RN1","SIP-6","C1357978"
"10kΩ 4 bussed resistor network","RN2,RN3","SIP-5","C11394"
"100kΩ 9mm","RV1","DIP-3","C5341721"
"RESET Tactile switch","SW1","6x6x7mm","C5340140"
"i0 2P Slide switch","SW2","DIP-4","C3294681"
"i1 2P Slide switch","SW3","DIP-4","C3294681"
"STEP Tactile switch","SW4","6x6x7mm","C5340140"
"CLK MODE SP3T Switch","SW5","2x3P","C2681581"
"74HC00","U1,U5,U6,U7,U9","DIP-14","C507194"
"74HC132","U2","DIP-14","C22461601"
"555","U3","DIP-8","C22461592"
"74HC74","U4","DIP-14","C18723532"
"74HC14","U8","DIP-14","C22436990"
