"Designator","Val","Package","Mid X","Mid Y","Rotation","Layer"
"J2","INPUT","PinSocket_1x06_P2.54mm_Horizontal",8.02,-4.055,-90,"bottom"
"J3","iBUS","PinSocket_1x02_P2.54mm_Horizontal",10.175,-63.27,0,"bottom"
"J4","OUTPUT","PinHeader_1x06_P2.54mm_Horizontal",8.02,-74.835,-90,"bottom"
"C1","100nF","C_MLCC_D3.0mm_W1.6mm_P5.00mm_Centered_THT_SMD",32,-9.5,-90,"top"
"C2","100nF","C_MLCC_D3.0mm_W1.6mm_P5.00mm_Centered_THT_SMD",48,-9.5,-90,"top"
"C3","100nF","C_MLCC_D3.0mm_W1.6mm_P5.00mm_Centered_THT_SMD",64,-9.5,-90,"top"
"C4","100nF","C_MLCC_D3.0mm_W1.6mm_P5.00mm_Centered_THT_SMD",32,-30.5,-90,"top"
"C5","100nF","C_MLCC_D3.0mm_W1.6mm_P5.00mm_Centered_THT_SMD",48,-30.5,-90,"top"
"C6","100nF","C_MLCC_D3.0mm_W1.6mm_P5.00mm_Centered_THT_SMD",64,-30.5,-90,"top"
"C7","100nF","C_MLCC_D3.0mm_W1.6mm_P5.00mm_Centered_THT_SMD",32,-51.5,-90,"top"
"C8","100nF","C_MLCC_D3.0mm_W1.6mm_P5.00mm_Centered_THT_SMD",48.5,-51.5,-90,"top"
"C9","100nF","C_MLCC_D3.0mm_W1.6mm_P5.00mm_Centered_THT_SMD",64,-51.5,-90,"top"
"C10","10nF","C_MLCC_D3.0mm_W1.6mm_P5.00mm_Centered_THT_SMD",51.2,-21,-90,"top"
"C11","10µF","C_MLCC_D3.0mm_W1.6mm_P5.00mm_Centered_THT_SMD",54.4,-21,-90,"top"
"C12","10µF","C_MLCC_D3.0mm_W1.6mm_P5.00mm_Centered_THT_SMD",57.6,-21,-90,"top"
"C13","2.2µF","C_MLCC_D3.0mm_W1.6mm_P5.00mm_Centered_THT_SMD",64,-46.05,90,"top"
"C14","100nF","C_MLCC_D3.0mm_W1.6mm_P5.00mm_Centered_THT_SMD",32,-67,90,"top"
"D1","1N4148","D_DO-34_SOD68_P5.08mm_Horizontal_THT_SMD",33,-76,-90,"top"
"D2","1N4148","D_DO-34_SOD68_P5.08mm_Horizontal_THT_SMD",47,-76,-90,"top"
"D3","1N4148","D_DO-34_SOD68_P5.08mm_Horizontal_THT_SMD",44,-76,-90,"top"
"D4","1N4148","D_DO-34_SOD68_P5.08mm_Horizontal_THT_SMD",58,-76,-90,"top"
"D5","1N4148","D_DO-34_SOD68_P5.08mm_Horizontal_THT_SMD",75,-71.5,-90,"top"
"D6","1N4148","D_DO-34_SOD68_P5.08mm_Horizontal_THT_SMD",60.8,-21,-90,"top"
"D7","SB130-T","D_DO-41_SOD81_P6.3mm_Horizontal_THT_SMD",11.4,-23.3,0,"top"
"F1","PPTC 6V","PTC_D5.1mm_W5.5mm_P3.00mm_THT_SMD",12,-14.58,0,"top"
"J1","POWER","USB_Dual_Mini_B_Type-C_Receptacle_THT",8.875,-18,0,"top"
"LED1","PWR","LED_D3.0mm_THT_SMD_gap",10,-29,0,"top"
"LED2","A","LED_D3.0mm_THT_SMD_gap",10,-38.5,0,"top"
"LED3","PC","LED_D3.0mm_THT_SMD_gap",10,-48,0,"top"
"LED4","CLK","LED_D3.0mm_THT_SMD_gap",10,-57.5,0,"top"
"LED5","STEP","LED_D3.0mm_THT_SMD_gap",10,-67,0,"top"
"Q1","BC547","TO-92_Wide_THT_SMD",70.5,-34.5,90,"top"
"R1","2.2kΩ","R_Axial_DIN0204_L3.6mm_D1.6mm_P5.08mm_Horizontal_Color_THT_SMD",48,-21,-90,"top"
"R2","680Ω","R_Axial_DIN0204_L3.6mm_D1.6mm_P5.08mm_Horizontal_Color_THT_SMD",64,-20.92,-90,"top"
"R3","10kΩ","R_Axial_DIN0204_L3.6mm_D1.6mm_P5.08mm_Horizontal_Color_THT_SMD",32,-41,-90,"top"
"R4","680Ω","R_Axial_DIN0204_L3.6mm_D1.6mm_P5.08mm_Horizontal_Color_THT_SMD",16.5,-53.5,90,"top"
"R5","680Ω","R_Axial_DIN0204_L3.6mm_D1.6mm_P5.08mm_Horizontal_Color_THT_SMD",16.5,-62,90,"top"
"R6","680Ω","R_Axial_DIN0204_L3.6mm_D1.6mm_P5.08mm_Horizontal_Color_THT_SMD",16.5,-70.54,90,"top"
"R7","47kΩ","R_Axial_DIN0204_L3.6mm_D1.6mm_P5.08mm_Horizontal_Color_THT_SMD",56,-71.5,0,"top"
"R8","10kΩ","R_Axial_DIN0204_L3.6mm_D1.6mm_P5.08mm_Horizontal_Color_THT_SMD",71,-71.5,-90,"top"
"RN1","1kΩ","R_Array_SIP6",16.5,-30.5,-90,"top"
"RN2","10kΩ","R_Array_SIP5",70.5,-38.89,-90,"top"
"RN3","10kΩ","R_Array_SIP5",48.5,-60,-90,"top"
"RV1","100kΩ","PTV09A-2_Single_Horizontal_Shield",72.505,-19.5,0,"top"
"SW1","RESET","PCB_PUSH_SWITCH_6x6x17mm",26,-77.5,0,"top"
"SW2","i0","SW_DIP_SPSTx02_Slide_6.7x6.64mm_W7.62mm_P2.54mm_LowProfile",37.23,-81.31,90,"top"
"SW3","i1","SW_DIP_SPSTx02_Slide_6.7x6.64mm_W7.62mm_P2.54mm_LowProfile",51.23,-81.31,90,"top"
"SW4","STEP","PCB_PUSH_SWITCH_6x6x17mm",65,-77.5,0,"top"
"SW5","CLK MODE","SWITCH_SP3T_PTH_SK-13D00_L12.70_W4.30_H4.69_Shield",74.65,-65,90,"top"
"U1","74HC00","DIP-14_W7.62mm_Socket",20.5,-9.5,0,"top"
"U2","74HC132","DIP-14_W7.62mm_Socket",36.5,-9.5,0,"top"
"U3","555","DIP-8_W7.62mm_Socket",52.5,-9.5,0,"top"
"U4","74HC74","DIP-14_W7.62mm_Socket",20.5,-30.5,0,"top"
"U5","74HC00","DIP-14_W7.62mm_Socket",36.5,-30.5,0,"top"
"U6","74HC00","DIP-14_W7.62mm_Socket",52.5,-30.5,0,"top"
"U7","74HC00","DIP-14_W7.62mm_Socket",20.5,-51.5,0,"top"
"U8","74HC14","DIP-14_W7.62mm_Socket",36.5,-51.5,0,"top"
"U9","74HC00","DIP-14_W7.62mm_Socket",52.5,-51.5,0,"top"
