"Designator","Val","Package","Mid X","Mid Y","Rotation","Layer"
"D7","SB130-T","D_DO-41_SOD81_P6.3mm_Horizontal_THT_SMD","11.400000mm","23.300000mm","0.000000","top"
"C3","100nF","C_MLCC_D3.0mm_W1.6mm_P5.00mm_Centered_THT_SMD","64.000000mm","9.500000mm","270.000000","top"
"C4","100nF","C_MLCC_D3.0mm_W1.6mm_P5.00mm_Centered_THT_SMD","32.000000mm","30.500000mm","270.000000","top"
"C8","100nF","C_MLCC_D3.0mm_W1.6mm_P5.00mm_Centered_THT_SMD","48.500000mm","51.500000mm","270.000000","top"
"C2","100nF","C_MLCC_D3.0mm_W1.6mm_P5.00mm_Centered_THT_SMD","48.000000mm","9.500000mm","270.000000","top"
"C7","100nF","C_MLCC_D3.0mm_W1.6mm_P5.00mm_Centered_THT_SMD","32.000000mm","51.500000mm","270.000000","top"
"C9","100nF","C_MLCC_D3.0mm_W1.6mm_P5.00mm_Centered_THT_SMD","64.000000mm","51.500000mm","270.000000","top"
"C6","100nF","C_MLCC_D3.0mm_W1.6mm_P5.00mm_Centered_THT_SMD","64.000000mm","30.500000mm","270.000000","top"
"C5","100nF","C_MLCC_D3.0mm_W1.6mm_P5.00mm_Centered_THT_SMD","48.000000mm","30.500000mm","270.000000","top"
"C1","100nF","C_MLCC_D3.0mm_W1.6mm_P5.00mm_Centered_THT_SMD","32.000000mm","9.500000mm","270.000000","top"
"C14","100nF","C_MLCC_D3.0mm_W1.6mm_P5.00mm_Centered_THT_SMD","32.000000mm","67.000000mm","90.000000","top"
"C10","10nF","C_MLCC_D3.0mm_W1.6mm_P5.00mm_Centered_THT_SMD","51.200000mm","21.000000mm","270.000000","top"
"C11","10µF","C_MLCC_D3.0mm_W1.6mm_P5.00mm_Centered_THT_SMD","54.400000mm","21.000000mm","270.000000","top"
"C13","2.2µF","C_MLCC_D3.0mm_W1.6mm_P5.00mm_Centered_THT_SMD","64.000000mm","46.050000mm","90.000000","top"
"D1","1N4148","D_DO-34_SOD68_P5.08mm_Horizontal_THT_SMD","33.000000mm","76.000000mm","270.000000","top"
"D2","1N4148","D_DO-34_SOD68_P5.08mm_Horizontal_THT_SMD","47.000000mm","76.000000mm","270.000000","top"
"D3","1N4148","D_DO-34_SOD68_P5.08mm_Horizontal_THT_SMD","44.000000mm","76.000000mm","270.000000","top"
"D4","1N4148","D_DO-34_SOD68_P5.08mm_Horizontal_THT_SMD","58.000000mm","76.000000mm","270.000000","top"
"D5","1N4148","D_DO-34_SOD68_P5.08mm_Horizontal_THT_SMD","75.000000mm","71.500000mm","270.000000","top"
"LED1","PWR","LED_D3.0mm_THT_SMD_gap","10.000000mm","29.000000mm","0.000000","top"
"LED4","CLK","LED_D3.0mm_THT_SMD_gap","10.000000mm","57.500000mm","0.000000","top"
"LED2","A","LED_D3.0mm_THT_SMD_gap","10.000000mm","38.500000mm","0.000000","top"
"LED3","PC","LED_D3.0mm_THT_SMD_gap","10.000000mm","48.000000mm","0.000000","top"
"LED5","STEP","LED_D3.0mm_THT_SMD_gap","10.000000mm","67.000000mm","0.000000","top"
"RV1","100kΩ","PTV09A-2_Single_Horizontal_Shield","72.505000mm","19.500000mm","0.000000","top"
"SW5","CLK MODE","SWITCH_SP3T_PTH_SK-13D00_L12.70_W4.30_H4.69_Shield","74.650000mm","65.000000mm","90.000000","top"
"U3","555","DIP-8_W7.62mm_Socket","52.500000mm","9.500000mm","0.000000","top"
"U4","74HC74","DIP-14_W7.62mm_Socket","20.500000mm","30.500000mm","0.000000","top"
"U8","74HC14","DIP-14_W7.62mm_Socket","36.500000mm","51.500000mm","0.000000","top"
"U2","74HC132","DIP-14_W7.62mm_Socket","36.500000mm","9.500000mm","0.000000","top"
"U7","74HC00","DIP-14_W7.62mm_Socket","20.500000mm","51.500000mm","0.000000","top"
"U9","74HC00","DIP-14_W7.62mm_Socket","52.500000mm","51.500000mm","0.000000","top"
"U6","74HC00","DIP-14_W7.62mm_Socket","52.500000mm","30.500000mm","0.000000","top"
"U5","74HC00","DIP-14_W7.62mm_Socket","36.500000mm","30.500000mm","0.000000","top"
"U1","74HC00","DIP-14_W7.62mm_Socket","20.500000mm","9.500000mm","0.000000","top"
"SW2","i0","SW_DIP_SPSTx02_Slide_6.7x6.64mm_W7.62mm_P2.54mm_LowProfile","37.230000mm","81.310000mm","90.000000","top"
"SW3","i1","SW_DIP_SPSTx02_Slide_6.7x6.64mm_W7.62mm_P2.54mm_LowProfile","51.230000mm","81.310000mm","90.000000","top"
"SW1","RESET","PCB_PUSH_SWITCH_6x6x17mm","26.000000mm","77.500000mm","0.000000","top"
"SW4","STEP","PCB_PUSH_SWITCH_6x6x17mm","65.000000mm","77.500000mm","0.000000","top"
"R3","10kΩ","R_Axial_DIN0204_L3.6mm_D1.6mm_P5.08mm_Horizontal_Color_THT_SMD","32.000000mm","41.000000mm","270.000000","top"
"R2","680Ω","R_Axial_DIN0204_L3.6mm_D1.6mm_P5.08mm_Horizontal_Color_THT_SMD","64.000000mm","20.920000mm","270.000000","top"
"R4","680Ω","R_Axial_DIN0204_L3.6mm_D1.6mm_P5.08mm_Horizontal_Color_THT_SMD","16.500000mm","53.500000mm","90.000000","top"
"R5","680Ω","R_Axial_DIN0204_L3.6mm_D1.6mm_P5.08mm_Horizontal_Color_THT_SMD","16.500000mm","62.000000mm","90.000000","top"
"R1","2.2kΩ","R_Axial_DIN0204_L3.6mm_D1.6mm_P5.08mm_Horizontal_Color_THT_SMD","48.000000mm","21.000000mm","270.000000","top"
"R7","47kΩ","R_Axial_DIN0204_L3.6mm_D1.6mm_P5.08mm_Horizontal_Color_THT_SMD","56.000000mm","71.500000mm","0.000000","top"
"R8","10kΩ","R_Axial_DIN0204_L3.6mm_D1.6mm_P5.08mm_Horizontal_Color_THT_SMD","71.000000mm","71.500000mm","270.000000","top"
"R6","680Ω","R_Axial_DIN0204_L3.6mm_D1.6mm_P5.08mm_Horizontal_Color_THT_SMD","16.500000mm","70.540000mm","90.000000","top"
"RN3","10kΩ","R_Array_SIP5","48.500000mm","60.000000mm","270.000000","top"
"RN2","10kΩ","R_Array_SIP5","70.500000mm","38.890000mm","270.000000","top"
"RN1","1kΩ","R_Array_SIP6","16.500000mm","30.500000mm","270.000000","top"
"F1","PPTC 6V","PTC_D5.1mm_W5.5mm_P3.00mm_THT_SMD","12.000000mm","14.580000mm","0.000000","top"
"C12","10µF","C_MLCC_D3.0mm_W1.6mm_P5.00mm_Centered_THT_SMD","57.600000mm","21.000000mm","270.000000","top"
"D6","1N4148","D_DO-34_SOD68_P5.08mm_Horizontal_THT_SMD","60.800000mm","21.000000mm","270.000000","top"
"Q1","BC547","TO-92_Wide_THT_SMD","70.500000mm","34.500000mm","90.000000","top"
"J2","INPUT","PinSocket_1x06_P2.54mm_Horizontal","8.020000mm","4.055000mm","270.000000","bottom"
"J4","OUTPUT","PinHeader_1x06_P2.54mm_Horizontal","8.020000mm","74.835000mm","270.000000","bottom"
"J3","iBUS","PinSocket_1x02_P2.54mm_Horizontal","10.175000mm","63.270000mm","0.000000","bottom"
"J1","POWER","USB_Dual_Mini_B_Type-C_Receptacle_THT","8.875000mm","18.000000mm","0.000000","top"
