"Comment","Designator","Footprint","LCSC Part Number"
"100nF_MLCC","C1,C2,C3,C4,C5,C6,C7,C8,C9,C14","P5mm","C263184"
"10nF_MLCC","C10","P5mm","C2761739"
"10µF_MLCC","C11,C12","P5mm","C2761740"
"2.2µF_MLCC","C13","P5mm","C2976626"
"1N4148","D1,D2,D3,D4,D5,D6","DO-35","C402212"
"SB130-T","D7","DO-41","C7428109"
"PPTC_6V_PPTC_Fuse","F1","DIP-2","C2936134"
"POWER_USB_Type-C_2P_90_2J","J1","DIP-14","C25168795"
"INPUT","J2","DIP-14",""
"iBUS","J3","DIP-14",""
"OUTPUT","J4","DIP-14",""
"PWR","LED1","⌀3.0mm","C440523"
"A","LED2","⌀3.0mm","C779430"
"PC","LED3","⌀3.0mm","C2895476"
"CLK","LED4","⌀3.0mm","C2895474"
"STEP","LED5","⌀3.0mm","C2895458"
"BC547","Q1","TO-92-3","C713614"
"2.2kΩ_1/8W_1%","R1","DIN0204","C58682"
"680Ω_1/8W_1%","R2,R4,R5,R6","DIN0204","C337136"
"10kΩ_1/8W_1%","R3,R8","DIN0204","C713919"
"47kΩ_1/8W_1%","R7","DIN0204","C58677"
"1kΩ_5_bussed_resistor_network","RN1","SIP-6","C1357978"
"10kΩ_4_bussed_resistor_network","RN2,RN3","SIP-5","C11394"
"100kΩ_9mm","RV1","DIP-3","C330435"
"Tactile_switch","SW1,SW4","6x6x7mm","C5340140"
"2P_Slide_switch","SW2,SW3","DIP-4","C3294681"
"SP3T_Switch","SW5","2x3P","C2681581"
"74HC00","U1,U2,U5,U6,U7,U9","DIP-14","C507194"
"LM555","U3","DIP-8","C22461592"
"74HC74","U4","DIP-14","C2895"
"74HC14","U8","DIP-14","C22436990"
