"Designator","Val","Package","Mid X","Mid Y","Rotation","Layer"
"F1","TPS25200","WSON-6-1EP_2x2mm_P0.65mm_EP1x1.6mm","5.900000mm","-8.655000mm","270.000000","bottom"
"C2","100nF","C_0805_2012Metric","5.860000mm","-13.395000mm","0.000000","bottom"
"C1","22µF","C_0805_2012Metric","2.735000mm","-6.730000mm","90.000000","bottom"
"C4","220nF","C_0805_2012Metric","6.794500mm","-13.652500mm","0.000000","top"
"C3","220nF","C_0805_2012Metric","6.794500mm","-5.397500mm","0.000000","top"
"J3","VIN+","PinHeader_1x01_P2.54mm_Vertical","3.015000mm","-17.145000mm","0.000000","bottom"
"J1","VOUT+","PinHeader_1x01_P2.54mm_Vertical","3.015000mm","-1.905000mm","0.000000","bottom"
"J2","VIN-","PinHeader_1x01_P2.54mm_Vertical","8.095000mm","-17.145000mm","0.000000","bottom"
"L1","1.2µH","L_5.0x5.0_H2","4.285000mm","-9.525000mm","270.000000","top"
"R2","300kΩ","R_0805_2012Metric_Pad1.20x1.40mm_HandSolder","5.860000mm","-11.195000mm","0.000000","bottom"
"R1","68kΩ","R_0805_2012Metric_Pad1.20x1.40mm_HandSolder","6.614000mm","-6.115000mm","0.000000","bottom"
