Designator,Comment,LCSC Part Number,Footprint
"C1,C4",20 pF,C1648,603
"C2,C7,C9,C10,C11,C12,C17",0.1uF,C14663,603
C3,47 - 100 uF optional,C15008,1206
"C5,C6",2.2 uF,C23630,603
"C8,C16",1 uF,C380327,603
C13,4.7 uF X7R,C49333233,603
C14,10 uF optional,C7432767,603
J1,CON_HEADER_1X03-PTH,C42431831,"Plugin,P=2.54mm"
DD,3V,C2286,603
ON,3V,C2286,603
EXP_PORT,,C601962,"Push-Pull,P=2.54mm"
MCU,STM32F407VGT6,C12345,LQFP-100(14x14)
MICROSD,MICROSD_PULL_TYPE,C2962030,SMD
Q1,8 MHz,C5181481,SMD5032-4P
"R1,R5",10K,C25804,603
"R6,R14",1000 R,C21190,603
"R7,R8",22 R,C23345,603
R9,330 R,C23138,603
R10,10M,C7250,603
VR1,RT9166A-36?XL,C19631754,SOT-89-3
"SW1,SW2,SW3",SW_TACT_2P-3X6,C428470,"SMD,6x3mm"
USB,USB Connectors,C2681589,SMD
