Designator,Val,Package,MidX,MidY,Rotation,Layer
C1,20 pF,603,27.27,46.655,45,bottom
C2,0.1uF,603,16.88,39.77,90,bottom
C3,47 - 100 uF optional,1206,14.78,29.37,90,top
C4,20 pF,603,23.93,43.62,45,bottom
C5,2.2 uF,603,36.79,29.78,315,bottom
C6,2.2 uF,603,43.085,37.505,45,bottom
C7,0.1uF,603,35.375,41.215,315,bottom
C8,1 uF,603,34.17,42.385,315,bottom
C9,0.1uF,603,30.75,37.615,45,bottom
C10,0.1uF,603,37,25.31,45,bottom
C11,0.1uF,603,51.505,35.745,315,bottom
C12,0.1uF,603,36.5,48.23,0,top
C13,4.7 uF X7R,603,17.98,43.57,0,top
C14,10 uF optional,603,19.58,39.12,90,bottom
C16,1 uF,603,20.38,42.67,90,top
C17,0.1uF,603,59.78,24.57,0,bottom
J1,CON_HEADER_1X03-PTH,"Plugin,P=2.54mm",3.13,15.61,270,top
DD,LED-0603,603,74.73,34.12,270,top
EXP_PORT,2X25,"Push-Pull,P=2.54mm",38.73,4.905,180,top
MCU,STM32F407VGT6,LQFP-100(14x14),36.45,37.02,225,top
MICROSD,MICROSD_PULL_TYPE,SMD,67.685,24.235,270,bottom
ON,LED-0603,603,74.73,36.995,90,top
Q1,8 MHz,SMD5032-4P,25.54,45.04,315,top
R1,10K,603,10.07,24.23,0,top
R5,10K,603,43.14,47.52,0,top
R6,1000 R,603,70.03,37.74,0,bottom
R7,22 R,603,47.575,33.35,315,bottom
R8,22 R,603,47.825,30.08,315,bottom
R9,330 R,603,45.425,31.205,315,bottom
R10,10M,603,25.535,45.065,315,bottom
R14,1000 R,603,70.03,35.57,0,bottom
VR1,RT9166A-36?XL,SOT-89-3,18.88,46.87,270,top
SW1,SW_TACT_2P-3X6,"SMD,6x3mm",71.135,40.925,0,top
SW2,SW_TACT_2P-3X6,"SMD,6x3mm",71.335,25.775,0,top
SW3,SW_TACT_2P-3X6,"SMD,6x3mm",7.695,27.725,0,top
USB,USB Connectors,SMD,6.74,44.07,270,top
