Designator,Device,Footprint,Mid X,Mid Y,Ref X,Ref Y,Pad X,Pad Y,Pins,Layer,Rotation,SMD,Comment
BUZZER1,YS-MBZ12095DYB05,DIP-BUZZER-12X7.6,38.735mm,-65.405mm,38.735mm,-65.405mm,38.735mm,-61.605mm,2,T,270,No,YS-MBZ12095DYB05
C1,22pF,603,35.433mm,-49.797mm,35.433mm,-50.597mm,35.433mm,-50.496mm,2,T,90,Yes,22pF
C2,22pF,603,35.433mm,-46.798mm,35.433mm,-45.998mm,35.433mm,-46.098mm,2,T,270,Yes,22pF
C3,100nF,603,39.205mm,-57.15mm,40.005mm,-57.15mm,39.905mm,-57.15mm,2,T,180,Yes,100nF
C4,100nF,603,47.46mm,-57.15mm,48.26mm,-57.15mm,48.16mm,-57.15mm,2,T,180,Yes,100nF
C5,100nF,603,50.8mm,-45.885mm,50.8mm,-45.085mm,50.8mm,-45.185mm,2,T,270,Yes,100nF
C6,100nF,603,39.535mm,-41.275mm,38.735mm,-41.275mm,38.835mm,-41.275mm,2,T,0,Yes,100nF
C7,1nF,C0805,17.46mm,-50.165mm,16.51mm,-50.165mm,16.51mm,-50.165mm,2,T,0,Yes,1n1000V
C8,10uF,603,52.07mm,-67.145mm,52.07mm,-67.945mm,52.07mm,-67.845mm,2,T,90,Yes,10uF
C9,100nF,603,50.165mm,-67.145mm,50.165mm,-67.945mm,50.165mm,-67.845mm,2,T,90,Yes,100nF
C10,100nF,603,50.165mm,-63.665mm,50.165mm,-62.865mm,50.165mm,-62.965mm,2,T,270,Yes,100nF
C11,10uF,603,52.07mm,-63.665mm,52.07mm,-62.865mm,52.07mm,-62.965mm,2,T,270,Yes,10uF
C12,100nF,603,33.655mm,-43.242mm,33.655mm,-44.042mm,33.655mm,-43.942mm,2,T,90,Yes,100nF
C13,1uF,603,48.26mm,-35.395mm,48.26mm,-36.195mm,48.26mm,-36.095mm,2,T,90,Yes,1u
H1,Header-Male-2.54_1x4,DIP-1X4P-2.54MM-M,85.725mm,-64.77mm,85.725mm,-66.04mm,85.725mm,-60.96mm,4,T,270,No,Header-Male-2.54_1x4
H2,Header-Male-2.54_1x5,DIP-1X5P-2.54MM-M,24.765mm,-21.59mm,24.765mm,-21.59mm,24.765mm,-26.67mm,5,T,90,No,1x5
H3,Header-Male-2.54_1x5,DIP-1X5P-2.54MM-M,34.29mm,-21.59mm,34.29mm,-21.59mm,34.29mm,-26.67mm,5,T,270,No,Header-Male-2.54_1x5
P2,Header-Female-2.54_2x13,HDR-13X2/2.54,77.47mm,-39.37mm,76.2mm,-39.37mm,78.74mm,-54.61mm,26,T,90,No,Header-Female-2.54_2x13
P3,Header-Female-2.54_2x17,HDR-17X2/2.54,85.725mm,-34.29mm,84.455mm,-34.29mm,86.995mm,-54.61mm,34,T,90,No,Header-Female-2.54_2x17
P5,Header-Male-2.54_2x5,HDR-5X2/2.54,69.85mm,-55.245mm,68.58mm,-50.165mm,68.58mm,-50.165mm,10,T,270,No,Header-Male-2.54_2x5
R6,1kΩ ,0603-ARV,43.18mm,-26.67mm,43.18mm,-26.67mm,41.986mm,-27.305mm,8,T,0,Yes,603
R7,1kΩ ,0603-ARV,46.99mm,-26.67mm,46.99mm,-26.67mm,45.796mm,-27.305mm,8,T,0,Yes,603
R8,1kΩ ,0603-ARV,69.85mm,-38.1mm,69.85mm,-38.1mm,68.656mm,-38.735mm,8,T,0,Yes,603
R9,1kΩ ,0603-ARV,69.85mm,-42.545mm,69.85mm,-42.545mm,68.656mm,-43.18mm,8,T,0,Yes,603
R11,22ohm,603,25.97mm,-39.37mm,25.17mm,-39.37mm,25.27mm,-39.37mm,2,T,0,Yes,22ohm
R12,22ohm,603,25.97mm,-41.91mm,25.17mm,-41.91mm,25.27mm,-41.91mm,2,T,0,Yes,22ohm
R13,1k,603,35.725mm,-42.545mm,34.925mm,-42.545mm,35.025mm,-42.545mm,2,T,0,Yes,1k
R29,1k,603,24.6mm,-62.865mm,25.4mm,-62.865mm,25.3mm,-62.865mm,2,T,180,Yes,1k
SW01,Push Button 6x6,MY PUSH BUTTON 6X6 90DEGREE,17.78mm,-59.372mm,19.05mm,-62.865mm,16.51mm,-61.595mm,4,T,270,No,Push Button 6x6
SW02,Push Button 6x6,MY PUSH BUTTON 6X6 90DEGREE,17.78mm,-66.357mm,19.05mm,-69.85mm,16.51mm,-68.58mm,4,T,270,No,Push Button 6x6
U2,LT1117IST-3.3#PBF,SOT-223,59.08mm,-65.405mm,62.23mm,-65.405mm,55.93mm,-63.105mm,4,T,180,Yes,LT1117IST-3.3#PBF
U3,STM32F105R8T6,LQFP-64_10X10X05P,43.119mm,-49.365mm,39.369mm,-43.815mm,37.569mm,-45.615mm,64,T,270,Yes,STM32F105R8T6
U4,74LS07,SOIC14N,42.545mm,-34.925mm,42.545mm,-34.925mm,46.355mm,-32.126mm,14,T,180,Yes,74LS07
USB1,A/FPaste board Aparagraph 10Four feet without curling ironLCPVinyl6.8,USB-M-27,18.475mm,-40.64mm,22.225mm,-40.64mm,22.225mm,-44.14mm,8,T,270,No,A/FPaste board Aparagraph 10Four feet without curling ironLCPVinyl6.8
X1,8MHz,SMD-5032_2P,32.894mm,-48.332mm,35.003mm,-45.285mm,32.894mm,-46.371mm,2,T,270,Yes,8MHz
