Designator,Val,Package,Mid X,Mid Y,Rotation,Layer
C4,100nF,C_0805_2012Metric,49.365000mm,-18.590000mm,270,top
C5,100nF,C_0805_2012Metric,39.990000mm,-24.765000mm,0,top
U3,CPLD,QFP80P1200X1200X120-44N,40.640000mm,-16.040000mm,270,top
U2,SRAM0,TSOP-I-32_18.4x8mm_P0.5mm,17.780000mm,-23.025000mm,0,top
U4,AMS1117-3.3,SOT-223-3_TabPin2,58.660000mm,-24.295000mm,270,top
U1,SRAM1,TSOP-I-32_18.4x8mm_P0.5mm,17.780000mm,-9.0550000mm,0,top
R5,100Ω,R_0805_2012Metric,66.675000mm,-18.857500mm,270,top
R4,10kΩ,R_0805_2012Metric,61.595000mm,-15.310000mm,90,top
R3,10kΩ,R_0805_2012Metric,59.055000mm,-15.310000mm,90,top
R2,10kΩ,R_0805_2012Metric,56.515000mm,-15.310000mm,90,top
R1,10kΩ,R_0805_2012Metric,53.975000mm,-15.310000mm,90,top
J2,CPC MX4-EDGE CONNECTOR,CPC_MX4-EDGE_SLOT,36.830000mm,-37.945000mm,180,top
C2,100nF,C_0805_2012Metric,7.7450000mm,-22.775000mm,180,top
C3,100nF,C_0805_2012Metric,44.790000mm,-7.3150000mm,0,top
C7,22µF,C_0805_2012Metric,61.910000mm,-30.010000mm,0,top
C6,10µF,C_0805_2012Metric,57.710000mm,-30.010000mm,180,top
C1,100nF,C_0805_2012Metric,7.7450000mm,-8.8050000mm,180,top
SW1,MODE,SW_DIP_SPSTx04_Slide_6.7x11.72mm_W7.62mm_P2.54mm_LowProfile,57.785000mm,-5.0800000mm,180,top
