"Comment","Designator","Footprint","LCSC Part Number"
"100nF_100nF_50V_X7R_±10%_0805_Multilayer_Ceramic_Capacitors_MLCC_-_SMD/SMT_ROHS","C1,C2,C3,C4,C5","0805","C49678"
"10µF_10uF_25V_X5R_±10%_0805_Multilayer_Ceramic_Capacitors_MLCC_-_SMD/SMT_ROHS","C6","0805","C15850"
"22µF_22uF_25V_X5R_±20%_0805_Multilayer_Ceramic_Capacitors_MLCC_-_SMD/SMT_ROHS","C7","0805","C45783"
"CPC_MX4-EDGE_CONNECTOR_-40℃~+105℃_2_2.54mm_2.54mm_25_2x25P_3A_Black_Brass_Gold_IDC_Header_Right_Angle_Push-Pull,P=2.54mm_IDC_Connectors_ROHS","J2","Push-Pull,P=2.54mm","C601962"
"10kΩ_-55℃~+155℃_10kΩ_125mW_150V_Thick_Film_Resistor_±1%_±100ppm/℃_0805_Chip_Resistor_-_Surface_Mount_ROHS","R1,R2,R3,R4","0805","C17414"
"100Ω_-55℃~+155℃_100Ω_125mW_150V_Thick_Film_Resistor_±1%_±100ppm/℃_0805_Chip_Resistor_-_Surface_Mount_ROHS","R5","0805","C17408"
"MODE_-20℃~+70℃_2.54mm_24V_25mA_3,000_Cycles_4_Piano_Key_Red_SPST_Plugin_DIP_Switches_ROHS","SW1","Plugin","C129043"
"4.5V~5.5V STSOP-32-11.8mm SRAM ROHS","U1,U2","TSOP-I-32","C1353474"
"CPLD_Programmable_Logic_Device_(CPLDs/FPGAs)_ROHS","U3","QFP-44(10x10)","C569042"
"AMS1117-3.3_-40℃~+125℃_1_1.1V@(800mA)_16V_1A_3.3V_5mA_72dB@(120Hz)_Fixed_Over_Current_Protection_Positive_SOT-223_Voltage_Regulators_-_Linear,_Low_Drop_Out_(LDO)_Regulators_ROHS","U4","SOT-223-3","C6186"
