"Designator","Val","Package","Mid X","Mid Y","Rotation","Layer"
"C1","100nF","C_MLCC_D3.0mm_W1.6mm_P5.00mm_Centered_THT_SMD","54.810000mm","-19.085000mm","270.000000","top"
"C2","100nF","C_MLCC_D3.0mm_W1.6mm_P5.00mm_Centered_THT_SMD","49.530000mm","-26.070000mm","270.000000","top"
"R1","1kΩ","R_Axial_DIN0204_L3.6mm_D1.6mm_P5.08mm_Horizontal_Color_THT_SMD","62.230000mm","-10.795000mm","180.000000","top"
"R2","5.6kΩ","R_Axial_DIN0204_L3.6mm_D1.6mm_P5.08mm_Horizontal_Color_THT_SMD","71.755000mm","-10.795000mm","180.000000","top"
"R3","470Ω","R_Axial_DIN0204_L3.6mm_D1.6mm_P5.08mm_Horizontal_Color_THT_SMD","62.230000mm","-13.410000mm","180.000000","top"
"R4","5.6kΩ","R_Axial_DIN0204_L3.6mm_D1.6mm_P5.08mm_Horizontal_Color_THT_SMD","71.755000mm","-13.410000mm","0.000000","top"
"R5","470Ω","R_Axial_DIN0204_L3.6mm_D1.6mm_P5.08mm_Horizontal_Color_THT_SMD","53.340000mm","-31.750000mm","0.000000","top"
"RN11","330Ω","R_Array_SIP8_THT_0603","30.915000mm","-14.715000mm","90.000000","top"
"RN12","330Ω","R_Array_SIP8_THT_0603","33.455000mm","-14.715000mm","90.000000","top"
"RN13","330Ω","R_Array_SIP8_THT_0603","35.995000mm","-14.715000mm","90.000000","top"
"RN14","330Ω","R_Array_SIP8_THT_0603","38.535000mm","-14.715000mm","90.000000","top"
"RN15","330Ω","R_Array_SIP8_THT_0603","41.075000mm","-14.715000mm","90.000000","top"
"RN16","330Ω","R_Array_SIP8_THT_0603","43.615000mm","-14.715000mm","90.000000","top"
"RN17","330Ω","R_Array_SIP8_THT_0603","46.155000mm","-14.715000mm","90.000000","top"
"U1","74HC00","DIP-14_W7.62mm_SOIC-14_THT_SMD","66.040000mm","-20.395000mm","0.000000","top"
