"Comment","Designator","Footprint","LCSC Part Number"
"100nF_100nF_50V_X7R_±10%_0805_Multilayer_Ceramic_Capacitors_MLCC_-_SMD/SMT_ROHS","C1,C2","0805","C49678"
"1kΩ_-55℃~+155℃_125mW_150V_1kΩ_Thick_Film_Resistor_±1%_±100ppm/℃_0805_Chip_Resistor_-_Surface_Mount_ROHS","R1","0805","C17513"
"5.6kΩ_-55℃~+155℃_125mW_150V_5.6kΩ_Thick_Film_Resistor_±1%_±100ppm/℃_0805_Chip_Resistor_-_Surface_Mount_ROHS","R2,R4","0805","C4382"
"470Ω_-55℃~+155℃_125mW_150V_470Ω_Thick_Film_Resistor_±1%_±100ppm/℃_0805_Chip_Resistor_-_Surface_Mount_ROHS","R3,R5","0805","C17710"
"330Ω_-55℃~+155℃_100mW_330Ω_75V_Thick_Film_Resistor_±1%_±100ppm/℃_0603_Chip_Resistor_-_Surface_Mount_ROHS","RN11,RN12,RN13,RN14,RN15,RN16,RN17","0603","C23138"
"74HC00_-40℃~+85℃ 1.5V~4.2V 100mV 15ns@6V,50pF 2 2V~6V 2uA 4 4.4V 5.2mA 5.2mA 500mV~1.8V 74HC Series NAND Gate SOIC-14 Logic Gates ROHS","U1","SOIC-14","C10090"
