"Designator","Footprint","LCSC Part Number","Comment"
"BZ1","Plugin,D12.5xL7mm","C49246965","12mm 4kHz 5V 7mm 85dB Passive (Externally Driven) Piezoelectric Plugin,D12.5xL7mm Buzzers ROHS"
"C1","Plugin,D5xL11mm","C43342","1µF_1000hrs@105℃_11mm_1uF_2mm_50V_5mm_±20%_Plugin,D5xL11mm_Aluminum_Electrolytic_Capacitors_-_Leaded_ROHS"
"C2,C3","Plugin,D5xL7mm","C43803","100µF_-40℃~+105℃_1000hrs@105℃_100uF_16V_2mm_5mm_7mm_±20%_Plugin,D5xL7mm_Aluminum_Electrolytic_Capacitors_-_Leaded_ROHS"
"C4,C5,C7,C12,C13","0805","C49678","100nF_50V_100nF_X7R_±10%_0805_Multilayer_Ceramic_Capacitors_MLCC_-_SMD/SMT_ROHS"
"C6","Plugin,D5xL11mm","C47344176","10µF_-40℃~+105℃_100mA@100kHz_10uF_11mm_2000hrs@105℃_25V_2mm_3.3Ω@100kHz_5mm_±20%_Plugin,D5xL11mm_Aluminum_Electrolytic_Capacitors_-_Leaded_ROHS"
"C8","0805","C309049","330nF_330nF_50V_X7R_±10%_0805_Multilayer_Ceramic_Capacitors_MLCC_-_SMD/SMT_ROHS"
"C9,C10","0805","C282712","82pF_50V_82pF_C0G_±5%_0805_Multilayer_Ceramic_Capacitors_MLCC_-_SMD/SMT_ROHS"
"C11","0805","C1710","10nF_50V_10nF_X7R_±10%_0805_Multilayer_Ceramic_Capacitors_MLCC_-_SMD/SMT_ROHS"
"D1,D2,D3,D4,D5","SOD-123","C81598","1N4148_150mA_1V@50mA_1uA@75V_4ns_75V_Independent_SOD-123_Switching_Diodes_ROHS"
"DB1","DBS","C3015229","-55℃~+150℃ 1.1V@2A 1kV 2A 5uA@1kV 60A DBS Bridge Rectifiers ROHS"
"FB1","0805","C6639322","1.2kΩ@100MHz 500mΩ 0805 Ferrite Beads ROHS"
"J1","Plugin","C4991844","CVBS_Yellow_RCA_Connector_ROHS"
"J2","DIN-8P270","C2939348","RGBS_Through_Hole_270º_PCB_Mount_Right_Angle_Circular_DIN_8pos_Connectors_ROHS"
"J3","Plugin","C4991691","AUDIO_R_Red_RCA_Connector_ROHS"
"J4","Plugin","C4992378","AUDIO_L_White_RCA_Connector_ROHS"
"J5","Plugin","C5441017","DC_POWER_Plugin_DC_Power_Connectors_ROHS"
"J6,J7,J8","Plugin,P=2.54mm","C42422438","-25℃~+85℃_1_1x2P_2_2.5mm_2.5mm_250V_2A_2P_5.9mm_7.5mm_7mm_Brass_PA66_Through_Hole_Tin_UL94V-0_White_XH_Plugin,P=2.54mm_Wire_To_Board_Connector_ROHS"
"L1","Plugin,D4xL10.5mm","C5289224","100uH"
"LED1","0805","C84256","ON_25mA_Colorless_transparent_lens_67mcd~195mcd_-30℃~+85℃_615nm~630nm_Individual_diode_Red_130°_65mW_1.6V~2.6V_0805_LED_Indication_-_Discrete_ROHS"
"Q1,Q2,Q3","SOT-23","C8512","40V 100@150mA,10V 300mW 600mA NPN SOT-23 Bipolar (BJT) ROHS"
"R1,R4","0805","C17437","120Ω_-55℃~+155℃_120Ω_125mW_150V_Thick_Film_Resistor_±1%_±100ppm/℃_0805_Chip_Resistor_-_Surface_Mount_ROHS"
"R2,R3,R11,R17,R20","0805","C17557","220Ω_-55℃~+155℃_125mW_150V_220Ω_Thick_Film_Resistor_±1%_±100ppm/℃_0805_Chip_Resistor_-_Surface_Mount_ROHS"
"R5,R10,R13","0805","C17513","1kΩ_-55℃~+155℃_125mW_150V_1kΩ_Thick_Film_Resistor_±1%_±100ppm/℃_0805_Chip_Resistor_-_Surface_Mount_ROHS"
"R6","0805","C17734","510Ω_-55℃~+155℃_125mW_150V_510Ω_Thick_Film_Resistor_±1%_±100ppm/℃_0805_Chip_Resistor_-_Surface_Mount_ROHS"
"R7","0805","C25298","270Ω_-55℃~+155℃_125mW_150V_270Ω_Thick_Film_Resistor_±100ppm/℃_±5%_0805_Chip_Resistor_-_Surface_Mount_ROHS"
"R8","0805","C25327","75Ω_-55℃~+155℃_125mW_150V_75Ω_Thick_Film_Resistor_±100ppm/℃_±5%_0805_Chip_Resistor_-_Surface_Mount_ROHS"
"R9","0805","C17801","68kΩ_125mW_Thick_Film_Resistors_150V_±100ppm/℃_±1%_68kΩ_0805_Chip_Resistor_-_Surface_Mount_ROHS"
"R12,R15,R18,R19","0805","C17414","10kΩ_-55℃~+155℃_10kΩ_125mW_150V_Thick_Film_Resistor_±1%_±100ppm/℃_0805_Chip_Resistor_-_Surface_Mount_ROHS"
"R14","0805","C17415","10Ω_-55℃~+155℃_10Ω_125mW_150V_Thick_Film_Resistor_±1%_±200ppm/℃_0805_Chip_Resistor_-_Surface_Mount_ROHS"
"R16,R21","0805","C17408","100Ω_-55℃~+155℃_125mW_150V_100Ω_Thick_Film_Resistor_±1%_±100ppm/℃_0805_Chip_Resistor_-_Surface_Mount_ROHS"
"SW2,SW10","Plugin","C2682503","-20℃~+70℃_30V_DPDT_PC_Pin_Rectangular_Columnar_Through_Hole_Plugin_Slide_Switches_ROHS"
"SW3","Plugin","C5274480","GAME_SP4T_Plugin_Slide_Switches_ROHS"
"SW4","SMD,6x6mm","C499330","RESET_12V_50mA_6mm_6mm_8.5mm_Round_Button_SPST_Surface_Mount,_Right_Angle_SMD,6x6mm_Tactile_Switches_ROHS"
"SW5,SW6,SW7,SW9","Plugin-5P,8.7x4.4mm","C22383479","-25℃~+70℃_300mA_4.4mm_4.7mm_50V_8.7mm_SPDT_Plugin-5P,8.7x4.4mm_Slide_Switches_ROHS"
"SW8","Plugin","C5340140","MANUAL_SERVE_-25℃~+70℃_100,000_Cycles_12V_2.5N_50mA_6mm_6mm_7mm_Black_No_PC_Pin_Round_Button_SPST_Through_Hole_Without_Bracket_Plugin_Tactile_Switches_ROHS"
"U1","DIP-28","C72121","AY-3-8500_15.24mm_2.54mm_28P_DIP_Tin_DIP-28_IC_/_Transistor_Socket_ROHS"
"U2","DIP-14","C72114","CD4075B_14P_2.54mm_7.62mm_DIP_Tin_DIP-14_IC_/_Transistor_Socket_ROHS"
"U3","TO-220","C443685","DD4012SA_6V_-40℃~+105℃@(Ta)_1_1.2A_21V_6V_6mA_Fixed_Over_Temperature_Protection_Positive_TO-220_Voltage_Regulators_-_Linear,_Low_Drop_Out_(LDO)_Regulators_ROHS"
