Designator,Val,Package,Mid X,Mid Y,Rotation,Layer,Notes
BZ1,Buzzer,"Plugin,D12.5xL7mm",81.910000mm,-18.420000mm,0,top,Double check polarity! (+ pad)
C1,1µF,CP_Radial_D6.0mm_P2.00mm_THT_CP_EIA-3216-18_Kemet-U_Pad1.40x1.35mm_SMD,65.040000mm,-14.920000mm,0,top,
C2,100µF,CP_Radial_D6.0mm_P2.00mm_THT_CP_EIA-7343-31_Kemet-U_Pad2.08x2.55mm_SMD,7.350000mm,-17.395000mm,0,top,
C3,100µF,CP_Radial_D6.0mm_P2.00mm_THT_CP_EIA-7343-31_Kemet-U_Pad2.08x2.55mm_SMD,16.669000mm,-17.395000mm,0,top,
C4,100nF,C_MLCC_D3.0mm_W1.6mm_P5.00mm_Centered_THT_SMD,31.710000mm,-28.956000mm,0,top,
C5,100nF,C_MLCC_D3.0mm_W1.6mm_P5.00mm_Centered_THT_SMD,43.180000mm,-33.996000mm,180,top,
C6,10µF,CP_Radial_D6.0mm_P2.00mm_THT_CP_EIA-3216-18_Kemet-U_Pad1.40x1.35mm_SMD,84.185000mm,-47.625000mm,0,top,
C7,100nF,C_MLCC_D3.0mm_W1.6mm_P5.00mm_Centered_THT_SMD,76.835000mm,-53.617500mm,180,top,
C8,330nF,C_MLCC_D3.0mm_W1.6mm_P5.00mm_Centered_THT_SMD,85.685000mm,-53.657500mm,0,top,
C9,82pF,C_MLCC_D3.0mm_W1.6mm_P5.00mm_Centered_THT_SMD,14.525000mm,-63.4600000mm,180,top,
C10,82pF,C_MLCC_D3.0mm_W1.6mm_P5.00mm_Centered_THT_SMD,24.447500mm,-63.4600000mm,180,top,
C11,10nF,C_MLCC_D3.0mm_W1.6mm_P5.00mm_Centered_THT_SMD,37.425000mm,-69.850000mm,0,top,
C12,100nF,C_MLCC_D3.0mm_W1.6mm_P5.00mm_Centered_THT_SMD,37.465000mm,-81.240000mm,180,top,
C13,100nF,C_MLCC_D3.0mm_W1.6mm_P5.00mm_Centered_THT_SMD,45.720000mm,-81.240000mm,180,top,
D1,1N4148,D_DO-34_SOD68_P5.08mm_Horizontal_THT_SMD,57.785000mm,-15.875000mm,0,top,
D2,1N4148,D_DO-34_SOD68_P5.08mm_Horizontal_THT_SMD,57.785000mm,-19.685000mm,0,top,
D3,1N4148,D_DO-34_SOD68_P5.08mm_Horizontal_THT_SMD,57.785000mm,-23.495000mm,0,top,
D4,1N4148,D_DO-34_SOD68_P5.08mm_Horizontal_THT_SMD,37.465000mm,-62.230000mm,0,top,
D5,1N4148,D_DO-34_SOD68_P5.08mm_Horizontal_THT_SMD,37.465000mm,-66.040000mm,0,top,
DB1,DB207S,DF-4S_L6.50mm_W8.20mm_THT_SMD,84.410000mm,-33.610000mm,90,top,Double check polarity! (pin #1 = chamfered strip)
FB1,820Ω@100MHz,FB_Axial_L10.0mm_D6.0mm_P15.24mm_Horizontal_THT_SMD_0805,15.240000mm,-80.010000mm,180,top,
J1,CVBS,CUI_RCJ-01,8.890000mm,-4.851000mm,270,top,
J2,RGBS,DIN-8_DIN-804_270_Connector_Receptacle_Female,33.020000mm,-10.278500mm,180,top,
J3,AUDIO R,CUI_RCJ-01,57.150000mm,-4.851000mm,270,top,
J4,AUDIO L,CUI_RCJ-01,74.930000mm,-4.851000mm,270,top,
J5,DC POWER,BarrelJack_Wuerth_6941xx301002,91.570000mm,-10.865000mm,270,top,
J6,DC POWER,JST_XH_B2B-XH-A_1x02_P2.50mm_Vertical,97.175000mm,-38.080000mm,270,top,
J7,LEFT PLAYER,JST_XH_B2B-XH-A_1x02_P2.50mm_Vertical,5.100000mm,-90.805000mm,180,top,
J8,RIGHT PLAYER,JST_XH_B2B-XH-A_1x02_P2.50mm_Vertical,95.270000mm,-90.805000mm,180,top,
L1,100uH,L_Axial_L10.4mm_D3.9mm_P15.24mm_Horizontal_Bourns_THT_SMD_0805,19.367500mm,-68.580000mm,180,top,
LED1,ON,LED_D5.0mm_THT_SMD_gap,95.250000mm,-22.225000mm,0,top,
Q1,2N2222A,TO-92_Wide_EBC_to_BEC_THT_SMD,71.060000mm,-19.050000mm,180,top,
Q2,2N2222A,TO-92_Wide_EBC_to_BEC_THT_SMD,18.480000mm,-25.400000mm,180,top,
Q3,2N2222A,TO-92_Wide_EBC_to_BEC_THT_SMD,5.715000mm,-70.550000mm,90,top,
R1,120Ω,R_Axial_DIN0204_L3.6mm_D1.6mm_P5.08mm_Horizontal_Color_THT_SMD,48.260000mm,-12.065000mm,180,top,
R2,220Ω,R_Axial_DIN0204_L3.6mm_D1.6mm_P5.08mm_Horizontal_Color_THT_SMD,48.260000mm,-15.875000mm,180,top,
R3,220Ω,R_Axial_DIN0204_L3.6mm_D1.6mm_P5.08mm_Horizontal_Color_THT_SMD,48.260000mm,-19.685000mm,180,top,
R4,120Ω,R_Axial_DIN0204_L3.6mm_D1.6mm_P5.08mm_Horizontal_Color_THT_SMD,48.260000mm,-23.495000mm,180,top,
R5,1kΩ,R_Axial_DIN0204_L3.6mm_D1.6mm_P5.08mm_Horizontal_Color_THT_SMD,70.390000mm,-23.495000mm,180,top,
R6,510Ω,R_Axial_DIN0204_L3.6mm_D1.6mm_P5.08mm_Horizontal_Color_THT_SMD,7.890000mm,-25.400000mm,180,top,
R7,270Ω,R_Axial_DIN0204_L3.6mm_D1.6mm_P5.08mm_Horizontal_Color_THT_SMD,48.260000mm,-27.305000mm,0,top,
R8,75Ω,R_Axial_DIN0204_L3.6mm_D1.6mm_P5.08mm_Horizontal_Color_THT_SMD,57.785000mm,-27.305000mm,0,top,
R9,68kΩ,R_Axial_DIN0204_L3.6mm_D1.6mm_P5.08mm_Horizontal_Color_THT_SMD,70.390000mm,-27.305000mm,0,top,
R10,1kΩ,R_Axial_DIN0204_L3.6mm_D1.6mm_P5.08mm_Horizontal_Color_THT_SMD,95.250000mm,-30.162500mm,0,top,
R11,220Ω,R_Axial_DIN0204_L3.6mm_D1.6mm_P5.08mm_Horizontal_Color_THT_SMD,57.785000mm,-31.115000mm,180,top,
R12,10kΩ,R_Axial_DIN0204_L3.6mm_D1.6mm_P5.08mm_Horizontal_Color_THT_SMD,70.390000mm,-31.115000mm,180,top,
R13,1kΩ,R_Axial_DIN0204_L3.6mm_D1.6mm_P5.08mm_Horizontal_Color_THT_SMD,6.032500mm,-63.500000mm,180,top,
R14,10Ω,R_Axial_DIN0204_L3.6mm_D1.6mm_P5.08mm_Horizontal_Color_THT_SMD,14.605000mm,-73.660000mm,180,top,
R15,10kΩ,R_Axial_DIN0204_L3.6mm_D1.6mm_P5.08mm_Horizontal_Color_THT_SMD,24.447500mm,-73.660000mm,0,top,
R16,100Ω,R_Axial_DIN0204_L3.6mm_D1.6mm_P5.08mm_Horizontal_Color_THT_SMD,37.279000mm,-73.660000mm,0,top,
R17,220Ω,R_Axial_DIN0204_L3.6mm_D1.6mm_P5.08mm_Horizontal_Color_THT_SMD,45.720000mm,-73.660000mm,180,top,
R18,10kΩ,R_Axial_DIN0204_L3.6mm_D1.6mm_P5.08mm_Horizontal_Color_THT_SMD,54.161000mm,-73.660000mm,180,top,
R19,10kΩ,R_Axial_DIN0204_L3.6mm_D1.6mm_P5.08mm_Horizontal_Color_THT_SMD,37.279000mm,-77.470000mm,0,top,
R20,220Ω,R_Axial_DIN0204_L3.6mm_D1.6mm_P5.08mm_Horizontal_Color_THT_SMD,45.720000mm,-77.470000mm,180,top,
R21,100Ω,R_Axial_DIN0204_L3.6mm_D1.6mm_P5.08mm_Horizontal_Color_THT_SMD,54.161000mm,-77.470000mm,180,top,
SW2,OFF/ON,SWITCH_DPDT_PTH_SK-22D07_180_L8.60_W6.90_H4.69_Shield,96.530000mm,-55.150000mm,90,top,
SW3,GAME,SWITCH_SP4T_PTH_SLW-1477944-3A-S-D_L14.70_W4.40_H4.70_Shield,47.630000mm,-63.030000mm,270,top,
SW4,RESET,SW_Tactile_SPST_Angled_PTS645Vx39-2LFS_Shield_THT_SMD,96.130000mm,-72.390000mm,90,top,
SW5,BAT SIZE,SWITCH_SPDT_PTH_SK-12D07_L8.60_W4.30_H4.69_Shield,15.970000mm,-97.675000mm,0,top,
SW6,SPEED,SWITCH_SPDT_PTH_SK-12D07_L8.60_W4.30_H4.69_Shield,28.670000mm,-97.675000mm,0,top,
SW7,ANGLES,SWITCH_SPDT_PTH_SK-12D07_L8.60_W4.30_H4.69_Shield,41.370000mm,-97.675000mm,0,top,
SW8,MANUAL SERVE,PCB_PUSH_SWITCH_SPST_6x6x4.3mm_oblong_pads_4321_TLSMDT3C020GLFS,55.880000mm,-95.499500mm,0,top,
SW9,SERVE,SWITCH_SPDT_PTH_SK-12D07_L8.60_W4.30_H4.69_Shield,70.580000mm,-97.675000mm,0,top,
SW10,BAT TYPE,SWITCH_DPDT_PTH_SK-22D07_180_L8.60_W6.90_H4.69_Shield,83.090000mm,-96.525000mm,0,top,
U1,AY-3-8500,DIP-28_W15.24mm_Socket,20.320000mm,-39.370000mm,180,top,
U2,CD4075B,DIP-14_W7.62mm_SOIC-14_THT_SMD,53.340000mm,-40.640000mm,0,top,
U3,DD4012SA 6V,Linear_Voltage_Regulator_Horizontal_TabDown,81.915000mm,-59.690000mm,180,top,
