Designator,Val,Package,Mid X,Mid Y,Rotation,Layer
"C3","22µF","C_0805_2012Metric",4.285000,-6.350000,180.000000,bottom
"C4","100nF","C_0805_2012Metric",4.285000,-8.890000,180.000000,bottom
"F1","TPS25200","WSON-6-1EP_2x2mm_P0.65mm_EP1x1.6mm",8.095000,-8.255000,270.000000,bottom
"R1","68kΩ","R_0805_2012Metric_Pad1.20x1.40mm_HandSolder",8.095000,-5.715000,0.000000,bottom
"R2","300kΩ","R_0805_2012Metric_Pad1.20x1.40mm_HandSolder",8.095000,-10.795000,0.000000,bottom
"C1","220nF","C_0805_2012Metric",6.507500,-5.397500,0.000000,top
"C2","220nF","C_0805_2012Metric",6.507500,-13.652500,0.000000,top
"L1","1.2µH","L_5.0x5.0_H2",4.285000,-9.525000,90.000000,top
