"Designator","Val","Package","Mid X","Mid Y","Rotation","Layer"
"F1","TPS25200","WSON-6-1EP_2x2mm_P0.65mm_EP1x1.6mm","8.095000mm","-8.255000mm","270.000000","bottom"
"C4","100nF","C_0805_2012Metric","4.285000mm","-8.890000mm","180.000000","bottom"
"C3","22µF","C_0805_2012Metric","4.285000mm","-6.350000mm","180.000000","bottom"
"C2","220nF","C_0805_2012Metric","6.507500mm","-13.652500mm","0.000000","top"
"C1","220nF","C_0805_2012Metric","6.507500mm","-5.397500mm","0.000000","top"
"L1","1.2µH","L_5.0x5.0_H2","4.285000mm","-9.525000mm","270.000000","top"
"R2","300kΩ","R_0805_2012Metric_Pad1.20x1.40mm_HandSolder","8.095000mm","-10.795000mm","0.000000","bottom"
"R1","68kΩ","R_0805_2012Metric_Pad1.20x1.40mm_HandSolder","8.095000mm","-5.715000mm","0.000000","bottom"
