"Designator","Val","Package","Mid X","Mid Y","Rotation","Layer"
"J1","PROBE","PinSocket_1x02_P2.54mm_Horizontal","7.080000mm","-10.000000mm","180.000000","top"
"C1","100nF","C_0603_1608Metric_Pad1.08x0.95mm_HandSolder","19.000000mm","-5.000000mm","180.000000","top"
"J2","POWER","PinSocket_1x02_P2.54mm_Horizontal","44.920000mm","-10.000000mm","0.000000","top"
"LED2","HIGH","LED_D3.0mm_THT_SMD_gap","24.970000mm","-10.000000mm","0.000000","top"
"LED1","LOW","LED_D3.0mm_THT_SMD_gap","12.970000mm","-10.000000mm","0.000000","top"
"LED3","PWR","LED_D3.0mm_THT_SMD_gap","36.970000mm","-10.000000mm","0.000000","top"
"Q1","BC848","SOT-23","31.000000mm","-5.870000mm","90.000000","top"
"R6","470Ω","R_0603_1608Metric_Pad0.98x0.95mm_HandSolder","25.000000mm","-15.000000mm","180.000000","top"
"R2","470Ω","R_0603_1608Metric_Pad0.98x0.95mm_HandSolder","36.000000mm","-5.000000mm","180.000000","top"
"R5","2.2MΩ","R_0603_1608Metric_Pad0.98x0.95mm_HandSolder","19.000000mm","-15.000000mm","0.000000","top"
"R3","1.5kΩ","R_0603_1608Metric_Pad0.98x0.95mm_HandSolder","31.000000mm","-10.000000mm","0.000000","top"
"R4","100Ω","R_0603_1608Metric_Pad0.98x0.95mm_HandSolder","14.000000mm","-15.000000mm","0.000000","top"
"R7","1kΩ","R_0603_1608Metric_Pad0.98x0.95mm_HandSolder","33.000000mm","-15.000000mm","0.000000","top"
"R1","470Ω","R_0603_1608Metric_Pad0.98x0.95mm_HandSolder","25.000000mm","-5.000000mm","180.000000","top"
"U1","74HC1G04","SC-74-5_1.5x2.9mm_P0.95mm","19.000000mm","-10.000000mm","180.000000","top"
