"Comment","Designator","Footprint","LCSC Part Number"
"100nF_100nF_50V_X7R_±10%_0603_Multilayer_Ceramic_Capacitors_MLCC_-_SMD/SMT_ROHS","C1,C2,C3,C4,C5,C6","0603","C14663"
"FMN1_100nA@70V_2_Pair_Common_Cathode_250mA_25mA_4ns_80V_80mW_900mV@5mA_SOT-25-5_Switching_Diodes_ROHS","D1,D2,D3,D4","SOT-25-5","C123025"
"6502_-40℃~+105℃_15.24mm_2.54mm_2x20P_40P_DIP_Round_Hole_DIP-40_IC_/_Transistor_Socket_ROHS","IC1","DIP-40","C2684763"
"7501/8501_-40℃~+105℃_1_20P_1x20P_2.54mm_3A_3mm_3mm_4.13mm_Black_Brass_Gold_Round_Pin_Through_Hole_Plugin,P=2.54mm_Pin_Headers_ROHS","IC21,IC22","Plugin,P=2.54mm","C5156447"
"5.6kΩ_-55℃~+155℃_100mW_5.6kΩ_75V_Thick_Film_Resistor_±1%_±100ppm/℃_0603_Chip_Resistor_-_Surface_Mount_ROHS","R1,R2","0603","C23189"
"47kΩ_4_47kΩ_62.5mW_8_±200ppm/℃_±5%_0603x4_Resistor_Networks,_Arrays_ROHS","RP1","0603x4","C12027"
"ATF16V8_5V_EEPLD_TSSOP-20_Programmable_Logic_Device_(CPLDs/FPGAs)","U1","TSSOP-20","C3272901"
"74HCT573_-40℃~+85℃_12ns_25ns_4.5V~5.5V_5ns_6mA_6mA_74HCT_8_80uA_D_Latch_Tri-State_TSSOP-20_Latches_ROHS","U2","TSSOP-20","C141336"
"74LS541_0℃~+70℃_1_15mA_24mA_4.75V~5.25V_74LS_8_Tri-State_SSOP-20_Buffers,_Drivers,_Receivers,_Transceivers_ROHS","U3,U4,U6","SSOP-20","C2866941"
"74LS245_0℃~+70℃_1_15mA_24mA_4.75V~5.25V_74LS_8_8ns@5V,45pF_Bidirectional_Schmitt_trigger_Tri-State_SSOP-20-208mil_Buffers,_Drivers,_Receivers,_Transceivers_ROHS","U5","SSOP-20-208mil","C2675844"
