"Designator","Val","Package","Mid X","Mid Y","Rotation","Layer"
"U4","74LS541","SSOP-20_5.3x7.2mm_P0.65mm","12.603300mm","-6.193000mm","180.000000","bottom"
"IC21","7501/8501","DIP-40_PinHeader_W15.24mm_Socket_LongPads_Both_Sides","5.967500mm","-26.000000mm","270.000000","bottom"
"IC22","7501/8501","DIP-40_PinHeader_W15.24mm_Socket_LongPads_Both_Sides","21.207500mm","-26.000000mm","270.000000","bottom"
"C6","100nF","C_0603_1608Metric_Pad1.08x0.95mm_HandSolder","10.063300mm","-48.673000mm","270.000000","bottom"
"C1","100nF","C_0603_1608Metric_Pad1.08x0.95mm_HandSolder","10.253700mm","-4.985000mm","0.000000","top"
"C5","100nF","C_0603_1608Metric_Pad1.08x0.95mm_HandSolder","10.698300mm","-35.385500mm","0.000000","bottom"
"C2","100nF","C_0603_1608Metric_Pad1.08x0.95mm_HandSolder","10.253700mm","-22.765000mm","0.000000","top"
"C3","100nF","C_0603_1608Metric_Pad1.08x0.95mm_HandSolder","10.253700mm","-37.370000mm","0.000000","top"
"C4","100nF","C_0603_1608Metric_Pad1.08x0.95mm_HandSolder","10.698300mm","-11.973000mm","0.000000","bottom"
"D2","FMN1","SOT-25-5_HandSoldering","10.698300mm","-15.783000mm","0.000000","bottom"
"D4","FMN1","SOT-25-5_HandSoldering","10.698300mm","-21.308000mm","0.000000","bottom"
"D1","FMN1","SOT-25-5_HandSoldering","14.825700mm","-15.783000mm","0.000000","bottom"
"D3","FMN1","SOT-25-5_HandSoldering","14.835700mm","-21.308000mm","0.000000","bottom"
"R1","5.6kΩ","R_0603_1608Metric_Pad0.98x0.95mm_HandSolder","14.698700mm","-4.985000mm","0.000000","top"
"R2","5.6kΩ","R_0603_1608Metric_Pad0.98x0.95mm_HandSolder","14.063700mm","-20.225000mm","180.000000","top"
"U6","74LS541","SSOP-20_5.3x7.2mm_P0.65mm","12.603300mm","-41.370500mm","180.000000","bottom"
"U5","74LS245","SSOP-20_5.3x7.2mm_P0.65mm","12.603300mm","-29.035500mm","180.000000","bottom"
"U2","74HCT573","TSSOP-20_4.4x6.5mm_P0.65mm","12.158700mm","-28.540000mm","0.000000","top"
"U3","74LS541","SSOP-20_5.3x7.2mm_P0.65mm","12.158700mm","-43.780000mm","0.000000","top"
"U1","ATF16V8","TSSOP-20_4.4x6.5mm_P0.65mm","12.158700mm","-11.395000mm","0.000000","top"
"RP1","47kΩ","CAY16_Array_Convex_4x0603","13.873300mm","-49.308000mm","0.000000","bottom"
"IC1","6502","DIP-40_W15.24mm_Socket","10.412500mm","-26.000000mm","270.000000","top"
