"Designator","Val","Package","Mid X","Mid Y","Rotation","Layer"
"SW1","RESET","SW_Tactile_SPST_Angled_PTS645Vx39-2LFS_Shield","7.310000mm","-3.210000mm","180.000000","top"
"SW2","INT","SW_Tactile_SPST_Angled_PTS645Vx39-2LFS_Shield","51.125000mm","-3.210000mm","180.000000","top"
"U4","74LS08","DIP-14_W7.62mm_SOIC-14_THT_SMD","14.605000mm","-49.530000mm","0.000000","top"
"U2","74LS279","DIP-16_W7.62mm_SOIC-16_THT_SMD","15.240000mm","-29.210000mm","0.000000","top"
"U1","74LS163","DIP-16_W7.62mm_SOIC-16_THT_SMD","46.355000mm","-20.320000mm","0.000000","top"
"R4","2.2kΩ","R_Axial_DIN0204_L3.6mm_D1.6mm_P5.08mm_Horizontal_Color_THT_SMD","21.590000mm","-41.275000mm","180.000000","top"
"LED1","ON","LED_D3.0mm_THT_SMD_gap","43.625500mm","-3.562000mm","0.000000","top"
"C2","100nF","C_MLCC_D3.0mm_W1.6mm_P5.00mm_Centered_THT_SMD","3.175000mm","-27.900000mm","270.000000","top"
"D4","1N4148","D_DO-34_SOD68_P5.08mm_Horizontal_THT_SMD","13.970000mm","-41.275000mm","0.000000","top"
"D2","1N4148","D_DO-34_SOD68_P5.08mm_Horizontal_THT_SMD","5.715000mm","-37.465000mm","0.000000","top"
"U3","27128/W27E257","DIP-28_W15.24mm","45.085000mm","-49.530000mm","270.000000","top"
"R3","2.2kΩ","R_Axial_DIN0204_L3.6mm_D1.6mm_P5.08mm_Horizontal_Color_THT_SMD","50.165000mm","-27.940000mm","0.000000","top"
"R2","2.2kΩ","R_Axial_DIN0204_L3.6mm_D1.6mm_P5.08mm_Horizontal_Color_THT_SMD","8.890000mm","-20.320000mm","0.000000","top"
"D1","1N4148","D_DO-34_SOD68_P5.08mm_Horizontal_THT_SMD","16.510000mm","-20.320000mm","0.000000","top"
"D3","1N4148","D_DO-34_SOD68_P5.08mm_Horizontal_THT_SMD","5.715000mm","-41.275000mm","0.000000","top"
"C5","1nF","C_MLCC_D3.0mm_W1.6mm_P5.00mm_Centered_THT_SMD","19.010000mm","-37.465000mm","0.000000","top"
"C7","1nF","C_MLCC_D3.0mm_W1.6mm_P5.00mm_Centered_THT_SMD","19.010000mm","-57.785000mm","0.000000","top"
"C3","100nF","C_MLCC_D3.0mm_W1.6mm_P5.00mm_Centered_THT_SMD","55.880000mm","-35.520000mm","270.000000","top"
"C6","1nF","C_MLCC_D3.0mm_W1.6mm_P5.00mm_Centered_THT_SMD","11.390000mm","-57.785000mm","0.000000","top"
"C4","100nF","C_MLCC_D3.0mm_W1.6mm_P5.00mm_Centered_THT_SMD","3.175000mm","-48.220000mm","270.000000","top"
"C1","100nF","C_MLCC_D3.0mm_W1.6mm_P5.00mm_Centered_THT_SMD","34.290000mm","-19.010000mm","270.000000","top"
"C8","10µF","C_MLCC_D3.0mm_W1.6mm_P5.00mm_Centered_THT_SMD","4.445000mm","-61.635000mm","90.000000","top"
"R1","1.2kΩ","R_Axial_DIN0204_L3.6mm_D1.6mm_P5.08mm_Horizontal_Color_THT_SMD","37.465000mm","-5.397500mm","90.000000","top"
