"Comment","Designator","Footprint","LCSC Part Number","MPN","Manufacturer","Description"
"10µF","C1","0805","C15850","CL21A106KAYNNNE","Samsung Electro-Mechanics","10uF 25V X5R ±10% 0805 Multilayer Ceramic Capacitors MLCC - SMD/SMT ROHS"
"4.7µF","C2","0805","C1779","CL21A475KAQNNNE","Samsung Electro-Mechanics","25V 4.7uF X5R ±10% 0805 Multilayer Ceramic Capacitors MLCC - SMD/SMT ROHS"
"10nF","C3","0805","C1710","CL21B103KBANNNC","Samsung Electro-Mechanics","10nF 50V X7R ±10% 0805 Multilayer Ceramic Capacitors MLCC - SMD/SMT ROHS"
"POWER_USB_Type-C_2P_90_2J","J1","Plugin","C30167320","TYPE-C 2P 90 2J 108","SHOU HAN","-20℃~+85℃ 1 2P 3A 5,000 Cycles 5V 6.43mm Black Female Right Angle Type-C Plugin USB Connectors ROHS"
"POWER","J2","Plugin","C5383111","2541WV-02P","HanElectricity","-55℃~+105℃ 1 1x2P 2.54mm 2.54mm 2P 3mm 6mm Gold Pin Header Through Hole Plugin,P=2.54mm Pin Headers ROHS"
"TEST1,TEST2","J3,J4","Plugin","C25503124","2541FV-20P-B","HanElectricity","-40℃~+105℃ 1 1x20P 2.54mm 2.54mm 20P 3A Square Hole Through Hole Top Plugin,P=2.54mm Female Headers ROHS"
"A0-A7","LED0,LED1,LED2,LED3,LED4,LED5,LED6,LED7","0805","C2296","KT-0805Y","Hubei KENTO Elec","Yellow 0805 LED Indication - Discrete ROHS"
"ON","LED8","0805","C84256","NCD0805R1","Foshan NationStar Optoelectronics","-30℃~+85℃ 1.6V~2.6V 130° 25mA 615nm~630nm 65mW 67mcd~195mcd Discrete Diode Red 0805 LED Indication - Discrete ROHS"
"1kΩ_1/8W_1%","R1,R2","0805","C17513","0805W8F1001T5E","UNI-ROYAL(Uniroyal Elec)","-55℃~+155℃ 125mW 150V 1kΩ Thick Film Resistor ±1% ±100ppm/℃ 0805 Chip Resistor - Surface Mount ROHS"
"2.2kΩ_1/8W_1%","R3","0805","C17520","0805W8F2201T5E","UNI-ROYAL(Uniroyal Elec)","-55℃~+155℃ 125mW 150V 2.2kΩ Thick Film Resistor ±1% ±100ppm/℃ 0805 Chip Resistor - Surface Mount ROHS"
"10kΩ_5_bussed_resistor_network","RN1,RN3","SIP-5","C11394","A05-103JP","FH (Guangdong Fenghua Advanced Tech)","10kΩ 125mW 4 5 ±100ppm/℃ ±5% SIP-5-2.54mm Resistor Networks, Arrays ROHS"
"10kΩ_5_bussed_resistor_network","RN2","SIP-9","C8692","A09-103JP","FH (Guangdong Fenghua Advanced Tech)","10kΩ 125mW 8 9 ±100ppm/℃ ±5% SIP-9-2.54mm Resistor Networks, Arrays ROHS"
"1kΩ_5_bussed_resistor_network","RN4","SIP-9","C9111","A09-102JP","FH (Guangdong Fenghua Advanced Tech)","125mW 1kΩ 8 9 ±100ppm/℃ ±5% SIP-9-2.54mm Resistor Networks, Arrays ROHS"
"50kΩ_9mm","RV1","SIP-3","C6149558","PTV09A-4015U-B503","Bourns","±20% 50mW Through Hole Potentiometers, Variable Resistors ROHS"
"6502","SOCKET1","DIP-40","C7173958","240-1288-00-0602J","3M","40P DIP Gold Beryllium Copper -55℃~+125℃ 2.54mm Zero-Insertion-Force IC Socket ROHS"
"RESET,HALT","SW1,SW2","DIP-4P,6x6mm","C42416249","SH-6X6X8H-CJ","SHOU HAN","-25℃~+70℃ 100,000 Cycles 12V 2.5N 50mA 6mm 6mm 8mm Black No PC Pin Round Button SPST Through Hole Without Bracket DIP-4P,6x6mm Tactile Switches ROHS"
"VPB,6502/W65C02S","SW3,SW4","Plugin","C431547","SK12D07VG3","SHOU HAN","-10℃~+50℃ 4.4mm 4.7mm 5,000 Cycles 500mA 50V 8.7mm PC Pin SPDT Plugin Slide Switches ROHS"
"LM555","U1","SOIC-8","C543060","LM555CMX","Texas Instruments","SOIC-8 Timers / Counters ROHS"
