Designator,Val,Package,Mid X,Mid Y,Rotation,Layer
R1,1kΩ,R_Axial_DIN0204_L3.6mm_D1.6mm_P5.08mm_Horizontal_Color_THT_SMD,82.550000mm,-11.823750mm,0,top
LED8,ON,LED_D5.0mm_THT_SMD_gap,89.904000mm,-9.088000mm,0,top
J2,POWER,PinHeader_1x02_P2.54mm_Vertical,87.630000mm,-2.540000mm,0,top
J4,TEST2,PinSocket_1x20_P2.54mm_Vertical,34.865000mm,-8.430000mm,180,top
J3,TEST1,PinSocket_1x20_P2.54mm_Vertical,34.865000mm,-38.02000mm,0,top
J1,POWER,USB_Dual_Mini_B_Type-C_Receptacle_THT,72.390000mm,-3.562500mm,180,top
U1,LM555,DIP-8_W7.62mm_Socket_SOP-8,72.390000mm,-23.690000mm,180,top
RV1,50kΩ,PTV09A-2_Single_Horizontal_Shield,95.365000mm,-24.030000mm,0,top
SOCKET1,6502,ZIF_Socket-40_L65.64_W22.25,34.865000mm,-23.225000mm,0,top
C2,4.7µF,C_MLCC_D3.0mm_W1.6mm_P5.00mm_Centered_THT_SMD,82.470000mm,-15.712500mm,180,top
C3,10nF,C_MLCC_D3.0mm_W1.6mm_P5.00mm_Centered_THT_SMD,82.590000mm,-27.500000mm,0,top
C1,10µF,C_MLCC_D3.0mm_W1.6mm_P5.00mm_Centered_THT_SMD,82.510000mm,-7.895000mm,0,top
LED0,A0,LED_D5.0mm_THT_SMD_gap,85.050000mm,-50.635000mm,0,top
LED1,A1,LED_D5.0mm_THT_SMD_gap,77.550000mm,-50.635000mm,0,top
LED2,A2,LED_D5.0mm_THT_SMD_gap,70.050000mm,-50.635000mm,0,top
LED3,A3,LED_D5.0mm_THT_SMD_gap,62.550000mm,-50.635000mm,0,top
LED4,A4,LED_D5.0mm_THT_SMD_gap,55.050000mm,-50.635000mm,0,top
LED5,A5,LED_D5.0mm_THT_SMD_gap,47.550000mm,-50.635000mm,0,top
LED6,A6,LED_D5.0mm_THT_SMD_gap,40.050000mm,-50.635000mm,0,top
LED7,A7,LED_D5.0mm_THT_SMD_gap,32.550000mm,-50.635000mm,0,top
R2,1kΩ,R_Axial_DIN0204_L3.6mm_D1.6mm_P5.08mm_Horizontal_Color_THT_SMD,82.550000mm,-19.880000mm,180,top
R3,2.2kΩ,R_Axial_DIN0204_L3.6mm_D1.6mm_P5.08mm_Horizontal_Color_THT_SMD,82.550000mm,-23.690000mm,0,top
RN2,10kΩ,R_Array_SIP9,46.990000mm,-3.445000mm,0,top
RN4,1kΩ,R_Array_SIP9,59.610000mm,-43.310000mm,0,top
RN3,10kΩ,R_Array_SIP5,36.830000mm,-43.310000mm,0,top
RN1,10kΩ,R_Array_SIP5,26.670000mm,-3.445000mm,0,top
SW1,RESET,PCB_PUSH_SWITCH_SPST_6x6x4.3mm_oblong_pads_4321_TLSMDT3C020GLFS,6.350000mm,-44.930000mm,90,top
SW2,HALT,PCB_PUSH_SWITCH_SPST_6x6x4.3mm_oblong_pads_4321_TLSMDT3C020GLFS,21.590000mm,-44.930000mm,90,top
SW3,VPB,SWITCH_SPDT_PTH_SK-12D07_L8.60_W4.30_H4.69_Shield,96.675000mm,-36.190000mm,90,top
SW4,6502/W65C02S,SWITCH_SPDT_PTH_SK-12D07_L8.60_W4.30_H4.69_Shield,96.675000mm,-47.620000mm,90,top
