"Designator","Val","Package","Mid X","Mid Y","Rotation","Layer"
"F1","TPS25200","WSON-6-1EP_2x2mm_P0.65mm_EP1x1.6mm","27.650000mm","-10.050000mm","0.000000","top"
"C2","100nF","C_0805_2012Metric","32.834000mm","-10.050000mm","270.000000","top"
"C1","22µF","C_0805_2012Metric","26.700000mm","-6.892000mm","0.000000","top"
"R2","300kΩ","R_0805_2012Metric_Pad1.20x1.40mm_HandSolder","30.467000mm","-10.050000mm","270.000000","top"
"R1","47kΩ","R_0805_2012Metric_Pad1.20x1.40mm_HandSolder","24.683000mm","-10.735000mm","270.000000","top"
