"Designator","Val","Package","Mid X","Mid Y","Rotation","Layer"
"C1","100nF","C_MLCC_D3.0mm_W1.6mm_P5.00mm_Centered_THT_SMD","33.655000mm","-5.675000mm","270.000000","top"
"C2","100nF","C_MLCC_D3.0mm_W1.6mm_P5.00mm_Centered_THT_SMD","19.685000mm","-8.930000mm","90.000000","top"
"C3","100nF","C_MLCC_D3.0mm_W1.6mm_P5.00mm_Centered_THT_SMD","32.325000mm","-18.347500mm","270.000000","top"
"C4","22µF","CP_Radial_D4.0mm_P1.50mm_THT_SMD","8.365000mm","-19.685000mm","0.000000","top"
"D1","1N4148","D_DO-34_SOD68_P5.08mm_Horizontal_THT_SMD","16.510000mm","-2.540000mm","180.000000","top"
"D2","1N4148","D_DO-34_SOD68_P5.08mm_Horizontal_THT_SMD","25.400000mm","-14.605000mm","180.000000","top"
"Q1","BC549C","TO-92_Wide_CBE_to_BEC_THT_SMD","15.770500mm","-19.685000mm","0.000000","top"
"R1","10kΩ","R_Axial_DIN0204_L3.6mm_D1.6mm_P5.08mm_Horizontal_Color_THT_SMD","16.510000mm","-8.890000mm","90.000000","top"
"R2","100Ω","R_Axial_DIN0204_L3.6mm_D1.6mm_P5.08mm_Horizontal_Color_THT_SMD","17.145000mm","-14.605000mm","180.000000","top"
"R3","820kΩ","R_Axial_DIN0204_L3.6mm_D1.6mm_P5.08mm_Horizontal_Color_THT_SMD","35.560000mm","-18.387500mm","270.000000","top"
"RV1","4.7kΩ","3362P_L6.60xW6.99xH4.88mm_Panasonic_EVM-3ESX50","10.795000mm","-10.096500mm","270.000000","top"
"RV2","1kΩ","3362P_L6.60xW6.99xH4.88mm_Panasonic_EVM-3ESX50","26.670000mm","-19.748500mm","90.000000","top"
"U1","LM1881","DIP-8_W7.62mm_SOIC-8_Rev_THT_SMD","26.670000mm","-6.985000mm","180.000000","top"
