"Comment","Designator","Footprint","LCSC Part Number"
"100nF_100nF_50V_X7R_±10%_0805_Multilayer_Ceramic_Capacitors_MLCC_-_SMD/SMT_ROHS","C1,C2,C3","0805","C49678"
"22µF_22uF_25V_X5R_±20%_0805_Multilayer_Ceramic_Capacitors_MLCC_-_SMD/SMT_ROHS","C4","0805","C45783"
"1N4148_150mA_1V@50mA_1uA@75V_4ns_75V_Independent_SOD-123_Switching_Diodes_ROHS","D1,D2","SOD-123","C81598"
"BC549C_NPN_100mA_15nA_300MHz_300mW_30V_5V_800_Independent_SOT-23_Bipolar_(BJT)_ROHS","Q1","SOT-23-3","C49238181"
"10kΩ_-55℃~+155℃_10kΩ_125mW_150V_Thick_Film_Resistor_±1%_±100ppm/℃_0805_Chip_Resistor_-_Surface_Mount_ROHS","R1","0805","C17414"
"100Ω_-55℃~+155℃_100Ω_125mW_150V_Thick_Film_Resistor_±1%_±100ppm/℃_0805_Chip_Resistor_-_Surface_Mount_ROHS","R2","0805","C17408"
"820kΩ_-55℃~+70℃_125mW_150V_820kΩ_Thick_Film_Resistor_±5%_0805_Chip_Resistor_-_Surface_Mount_ROHS","R3","0805","C49254455"
"4.7kΩ_150mW_4.7kΩ_±25%_±250ppm/℃_SMD-3P,3.8x3.7mm_Potentiometers,_Variable_Resistors_ROHS","RV1","SMD-3P,3.8x3.7mm","C22461632"
"1kΩ_150mW_1kΩ_±25%_±250ppm/℃_SMD-3P,3.8x3.7mm_Potentiometers,_Variable_Resistors_ROHS","RV2","SMD-3P,3.8x3.7mm","C22461453"
"LM1881_SOP-8","U1","C518922","LM1881M/TR"
