"Designator","Comment","Footprint","Part # ","JLCPCB Part #","Manufacturer","Description","Category"
"BUZZER1","Buzzer","Plugin,D=12mm","YS-MBZ12095DYB05","C409831","Fengming","85dB Active (Built-in Driver Circuit) Electromagnetic Type 2.4kHz Plugin,D=12mm Buzzers ROHS","Buzzers"
"C1,C2","15pF",603,"CL10C150JB8NNNC","C1644","Samsung Electro-Mechanics","50V 15pF C0G ±5% 0603 Multilayer Ceramic Capacitors MLCC - SMD/SMT ROHS","Multilayer Ceramic Capacitors MLCC - SMD/SMT"
"C13","1uF",603,"CL10A105KB8NNNC","C15849","Samsung Electro-Mechanics","50V 1uF X5R ±10% 0603 Multilayer Ceramic Capacitors MLCC - SMD/SMT ROHS","Multilayer Ceramic Capacitors MLCC - SMD/SMT"
"C3,C4,C5,C6,C9,C10,C12","100nF",603,"CC0603KRX7R9BB104","C14663","YAGEO","50V 100nF X7R ±10% 0603 Multilayer Ceramic Capacitors MLCC - SMD/SMT ROHS","Multilayer Ceramic Capacitors MLCC - SMD/SMT"
"C7","1nF",805,"C0805X102KDRACTU","C6137132","KEMET","0805 Multilayer Ceramic Capacitors MLCC - SMD/SMT","Multilayer Ceramic Capacitors MLCC - SMD/SMT"
"C8,C11","10uF",603,"CL10A106KP8NNNC","C19702","Samsung Electro-Mechanics","10V 10uF X5R ±10% 0603 Multilayer Ceramic Capacitors MLCC - SMD/SMT ROHS","Multilayer Ceramic Capacitors MLCC - SMD/SMT"
"H1","Header-Male-2.54_1x4","Through Hole,P=2.5mm","171825-4","C210162","TE Connectivity","1x4P 4P 1 2.5mm 4 Through Hole Through Hole,P=2.5mm Wire To Board Connector ROHS","Wire To Board Connector"
"H2,H3","DIP-1X4P-2.54MM-M","Plugin,P=2.54mm","XY-XHB2.54-4A11","C19271388","XYECONN","1x4P 4P 1 2.54mm 2.54mm 4 -25℃~+85℃ 2A Direct Insert Plugin,P=2.54mm  Wire To Board Connector ROHS","Wire To Board Connector"
"P2","Header-Male-2.54_2x13","Plugin,P=2.54mm","PZ254-2-13-Z-8.5","C2894974","HCTL","3A Direct Insert Policy 2.5mm 260℃@10S 26P 6mm -40℃~+105℃ 3mm 2.54mm Double Row Black Brass 2x13P 2.54mm Plugin,P=2.54mm  Pin Headers ROHS","Pin Headers"
"P3","Header-Male-2.54_2x17","Plugin,P=2.54mm","PZ254-2-17-Z-8.5","C2894978","HCTL","3A Direct Insert Policy 2.5mm 260℃@10S 34P 6mm -40℃~+105℃ 3mm 2.54mm Double Row Black Brass 2x17P 2.54mm Plugin,P=2.54mm Pin Headers ROHS","Pin Headers"
"P5","Header-Male-2.54_2x5","Plugin,P=2.54mm","HB-PH8-25425PB2GOP","C6332208","Hanbo Electronic","Gold 250V 3A Direct Insert Policy 2.54mm 10P 260℃ 6mm -40℃~+105℃ 3mm 2.54mm Brass Double Row Black 2.54mm 2x5P Plugin,P=2.54mm  Pin Headers ROHS","Pin Headers"
"R6,R7,R8,R9","1kΩ ","0603x4","4D03WGJ0102T5E","C20197","UNI-ROYAL(Uniroyal Elec)","4 ±5% 1kΩ 62.5mW ±200ppm/℃ 0603x4 Resistor Networks, Arrays ROHS","Resistor Networks, Arrays"
"R11,R12","22Ω",603,"0603WAF220JT5E","C23345","UNI-ROYAL(Uniroyal Elec)","100mW Thick Film Resistors 75V ±100ppm/℃ ±1% 22Ω 0603 Chip Resistor - Surface Mount ROHS","Chip Resistor - Surface Mount"
"R13","4.7kΩ",603,"0603WAF4701T5E","C23162","UNI-ROYAL(Uniroyal Elec)","100mW Thick Film Resistors 75V ±100ppm/℃ ±1% 4.7kΩ 0603 Chip Resistor - Surface Mount ROHS","Chip Resistor - Surface Mount"
"R29","1kΩ",603,"0603WAF1001T5E","C21190","UNI-ROYAL(Uniroyal Elec)","100mW Thick Film Resistors 75V ±100ppm/℃ ±1% 1kΩ 0603 Chip Resistor - Surface Mount ROHS","Chip Resistor - Surface Mount"
"SW01,SW02","Tactile switch","SW01,SW03","TS-1038-A10B3-D2","C499341","Yuandi","With Bracket 8.5mm Round Button Right Angle SPST 2.5N Through Hole Tactile Switches ROHS","Tactile Switches"
"U2","AMS1117-3.3","SOT-223","AMS1117-3.3","C6186","Advanced Monolithic Systems","72dB@(120Hz) 1A Fixed 3.3V Positive electrode SOT-223 Voltage Regulators - Linear, Low Drop Out (LDO) Regulators ROHS","Voltage Regulators - Linear, Low Drop Out (LDO) Regulators"
"U3","STM32F105RBT6","LQFP-64(10x10)","STM32F105RBT6","C8349","STMicroelectronics","128KB 2V~3.6V ARM-M3 64KB 72MHz FLASH 51 LQFP-64(10x10) Microcontrollers (MCU/MPU/SOC) ROHS","Microcontrollers (MCU/MPU/SOC)"
"U4","74LS07","SOIC-14","SN74LS07DR","C371970","Texas Instruments","1 40mA 4.75V~5.25V 6 SOIC-14 Buffers, Drivers, Receivers, Transceivers ROHS","Buffers, Drivers, Receivers, Transceivers"
"USB1","USBPORT","SMD","10.0 QHHTZB6.3","C668591","SHOU HAN","1.5A USB 2.0 1 Horizontal attachment 4P Female -25℃~+85℃ Type-A SMD USB Connectors ROHS","USB Connectors"
"X1","8MHz","SMD5032","TAXM8M2QLFCDT1T","C122522","Yajingxin","8MHz Surface Mount Crystal 20pF ±30ppm ±20ppm SMD5032 Crystals ROHS","Crystals"
