"Designator","Val","Package","Mid X","Mid Y","Rotation","Layer"
"J3","VOUT+","PinHeader_1x01_P2.54mm_Vertical","7.620000mm","-1.270000mm","270.000000","bottom"
"J4","VIN-","PinHeader_1x01_P2.54mm_Vertical","2.540000mm","-1.270000mm","270.000000","bottom"
"J1","VIN+","PinHeader_1x01_P2.54mm_Vertical","7.620000mm","-8.890000mm","270.000000","bottom"
"F1","TPS25200","WSON-6-1EP_2x2mm_P0.65mm_EP1x1.6mm","14.820000mm","-5.550000mm","180.000000","top"
"C2","100nF","C_0805_2012Metric","9.636000mm","-5.550000mm","90.000000","top"
"C1","22µF","C_0805_2012Metric","15.770000mm","-8.708000mm","180.000000","top"
"J2","VIN-","PinHeader_1x01_P2.54mm_Vertical","2.540000mm","-8.890000mm","270.000000","bottom"
"R2","300kΩ","R_0805_2012Metric_Pad1.20x1.40mm_HandSolder","12.003000mm","-5.550000mm","90.000000","top"
"R1","47kΩ","R_0805_2012Metric_Pad1.20x1.40mm_HandSolder","17.787000mm","-4.865000mm","90.000000","top"
