Designator,Val,Package,Mid X,Mid Y,Rotation,Layer
D1,1N4148,D_DO-34_SOD68_P5.08mm_Horizontal_THT_SMD,50.165000mm,-11.430000mm,0,top
D2,1N4148,D_DO-34_SOD68_P5.08mm_Horizontal_THT_SMD,17.780000mm,-16.510000mm,0,top
D3,1N4148,D_DO-34_SOD68_P5.08mm_Horizontal_THT_SMD,50.165000mm,-19.050000mm,0,top
D4,1N4148,D_DO-34_SOD68_P5.08mm_Horizontal_THT_SMD,17.780000mm,-21.590000mm,0,top
D5,BAT86,D_DO-34_SOD68_P5.08mm_Horizontal_THT_SMD,19.050000mm,-56.832500mm,0,top
J1,RGB,DIN-8_DIN-804_270_Connector_Receptacle_Female,34.385000mm,-10.333500mm,180,top
J3,PCW,JST_XH_B6B-XH-A_1x06_P2.50mm_Vertical,39.265000mm,-55.955000mm,180,top
R1,390Ω,R_Axial_DIN0204_L3.6mm_D1.6mm_P5.08mm_Horizontal_Color_THT_SMD,50.165000mm,-8.890000mm,180,top
R2,100Ω,R_Axial_DIN0204_L3.6mm_D1.6mm_P5.08mm_Horizontal_Color_THT_SMD,7.620000mm,-13.970000mm,0,top
R3,200Ω,R_Axial_DIN0204_L3.6mm_D1.6mm_P5.08mm_Horizontal_Color_THT_SMD,17.780000mm,-13.970000mm,0,top
R4,200Ω,R_Axial_DIN0204_L3.6mm_D1.6mm_P5.08mm_Horizontal_Color_THT_SMD,50.165000mm,-13.970000mm,180,top
R5,200Ω,R_Axial_DIN0204_L3.6mm_D1.6mm_P5.08mm_Horizontal_Color_THT_SMD,50.165000mm,-16.510000mm,180,top
R6,390Ω,R_Axial_DIN0204_L3.6mm_D1.6mm_P5.08mm_Horizontal_Color_THT_SMD,17.780000mm,-19.050000mm,0,top
R7,1kΩ,R_Axial_DIN0204_L3.6mm_D1.6mm_P5.08mm_Horizontal_Color_THT_SMD,35.560000mm,-21.590000mm,180,top
R8,390Ω,R_Axial_DIN0204_L3.6mm_D1.6mm_P5.08mm_Horizontal_Color_THT_SMD,50.165000mm,-21.590000mm,180,top
SW1,MODE,SW_Tactile_SPST_Angled_PTS645Vx39-2LFS_Shield_THT_SMD,13.650000mm,-4.045000mm,180,top
