"Comment","Designator","Footprint","LCSC Part Number"
"1N4148_150mA_1V@50mA_1uA@75V_4ns_75V_Independent_SOD-123_Switching_Diodes_ROHS","D1,D2,D3,D4","SOD-123","C81598"
"BAT86_1A_20V_280uA@20V_30A_310mV@1A_Independent_SOD-123_Schottky_Diodes_ROHS","D5","SOD-123","C427072"
"RGB_Through_Hole_270º_PCB_Mount_Right_Angle_Circular_DIN_8pos_Connectors_ROHS","J1","DIN-8P270","C2939348"
"PCW_1x6P_2.5mm_6_6P_Through_Hole_XH_Plugin,P=2.5mm_Wire_To_Board_Connector_ROHS","J3","SIL-6 P=2.5mm","C5663"
"390Ω_-55℃~+155℃_125mW_150V_390Ω_Thick_Film_Resistor_±1%_±100ppm/℃_0805_Chip_Resistor_-_Surface_Mount_ROHS","R1,R6,R8",805,"C17655"
"100Ω_-55℃~+155℃_125mW_150V_100Ω_Thick_Film_Resistor_±1%_±100ppm/℃_0805_Chip_Resistor_-_Surface_Mount_ROHS","R2",805,"C17408"
"200Ω_-55℃~+155℃_125mW_150V_200Ω_Thick_Film_Resistor_±1%_±100ppm/℃_0805_Chip_Resistor_-_Surface_Mount_ROHS","R3,R4,R5",805,"C17540"
"1kΩ_-55℃~+155℃_125mW_150V_1kΩ_Thick_Film_Resistor_±1%_±100ppm/℃_0805_Chip_Resistor_-_Surface_Mount_ROHS","R7",805,"C17513"
"MODE_12V_50mA_6mm_6mm_8.5mm_Round_Button_SPST_Surface_Mount,_Right_Angle_SMD,6x6mm_Tactile_Switches_ROHS","SW1","SMD,6x6mm","C499330"
