"Designator","Val","Package","Mid X","Mid Y","Rotation","Layer"
"J1","DLYRST","PinSocket_1x03_P2.54mm_Horizontal","3.945000mm","-10.165000mm","180.000000","bottom"
"U1","LM321MFX","SOT-23-5","5.397500mm","-1.905000mm","180.000000","top"
"C1","10µF","C_0805_2012Metric_Pad1.18x1.45mm_HandSolder","3.810000mm","-6.985000mm","270.000000","top"
"D1","1N4148W","D_SOD-123","9.260000mm","-7.620000mm","270.000000","top"
"R2","240kΩ","R_0805_2012Metric_Pad1.20x1.40mm_HandSolder","9.525000mm","-1.905000mm","90.000000","top"
"R1","10kΩ","R_0805_2012Metric_Pad1.20x1.40mm_HandSolder","1.270000mm","-1.905000mm","270.000000","top"
"R3","10kΩ","R_0805_2012Metric_Pad1.20x1.40mm_HandSolder","1.270000mm","-6.985000mm","270.000000","top"
