"Comment","Designator","Footprint","LCSC Part Number"
"100nF_100nF_50V_X7R_±10%_0805_Multilayer_Ceramic_Capacitors_MLCC_-_SMD/SMT_ROHS","C1","0805","C49678"
"47pF_47pF_50V_C0G_±5%_0805_Multilayer_Ceramic_Capacitors_MLCC_-_SMD/SMT_ROHS","C2,C3","0805","C14857"
"74LS14_-40℃~+125℃_1.9V~5.9V_100mV~260mV_21ns@6V_2V~6V_2uA_5.2mA_5.2mA_6_74LS_Series_Schmitt_trigger_SOP-14_Inverters_ROHS","U1","SOP-14","C22384798"
"2kΩ_150mW_2kΩ_±25%_±250ppm/℃_SMD-3P,3.8x3.7mm_Potentiometers,_Variable_Resistors_ROHS","VR1,VR2,VR3","SMD-3P,3.8x3.7mm","C22461616"
