"Designator","Val","Package","Mid X","Mid Y","Rotation","Layer"
"C1","100nF","C_MLCC_D3.0mm_W1.6mm_P5.00mm_Centered_THT_SMD","8.975000mm","-19.415000mm","0.000000","bottom"
"C2","47pF","C_MLCC_D3.0mm_W1.6mm_P5.00mm_Centered_THT_SMD","21.625000mm","-25.170000mm","90.000000","top"
"C3","47pF","C_MLCC_D3.0mm_W1.6mm_P5.00mm_Centered_THT_SMD","24.800000mm","-25.090000mm","270.000000","top"
"U1","74LS14","DIP-14_W7.62mm_SOIC-14_THT_SMD","10.270000mm","-32.120000mm","270.000000","bottom"
"VR1","2kΩ","Potentiometer_Bourns_3296W_Vertical_Panasonic_EVM-3ESX50","23.085000mm","-16.240000mm","0.000000","top"
"VR2","2kΩ","Potentiometer_Bourns_3296W_Vertical_Panasonic_EVM-3ESX50","23.085000mm","-34.020000mm","0.000000","top"
"VR3","2kΩ","Potentiometer_Bourns_3296W_Vertical_Panasonic_EVM-3ESX50","23.085000mm","-47.990000mm","0.000000","top"
