"Designator","Val","Package","Mid X","Mid Y","Rotation","Layer"
"Q2","BC549C","TO-92_Wide_CBE_to_BEC_THT_SMD","7.042500mm","-14.812500mm","0.000000","top"
"U1","NE555P","DIP-8_W7.62mm_Socket_SOP-8","24.705000mm","-17.117500mm","180.000000","top"
"Q1","BC549C","TO-92_Wide_CBE_to_BEC_THT_SMD","22.482500mm","-4.100000mm","0.000000","top"
"C5","22µF","CP_Radial_D4.0mm_P1.50mm_THT_SMD","8.340000mm","-21.562500mm","0.000000","top"
"R4","10kΩ","R_Axial_DIN0204_L3.6mm_D1.6mm_P5.08mm_Horizontal_Color_THT_SMD","17.085000mm","-19.022500mm","270.000000","top"
"R3","56Ω","R_Axial_DIN0204_L3.6mm_D1.6mm_P5.08mm_Horizontal_Color_THT_SMD","13.335000mm","-10.160000mm","0.000000","top"
"R2","68Ω","R_Axial_DIN0204_L3.6mm_D1.6mm_P5.08mm_Horizontal_Color_THT_SMD","23.435000mm","-8.572500mm","0.000000","top"
"R1","10kΩ","R_Axial_DIN0204_L3.6mm_D1.6mm_P5.08mm_Horizontal_Color_THT_SMD","34.865000mm","-6.957500mm","270.000000","top"
"D2","1N4148","D_DO-34_SOD68_P5.08mm_Horizontal_THT_SMD","13.335000mm","-6.350000mm","0.000000","top"
"D1","1N4148","D_DO-34_SOD68_P5.08mm_Horizontal_THT_SMD","13.335000mm","-2.540000mm","0.000000","top"
"C4","820pF","C_MLCC_D3.0mm_W1.6mm_P5.00mm_Centered_THT_SMD","34.865000mm","-18.347500mm","270.000000","top"
"C3","10nF","C_MLCC_D3.0mm_W1.6mm_P5.00mm_Centered_THT_SMD","31.690000mm","-18.347500mm","270.000000","top"
"C2","82pF","C_MLCC_D3.0mm_W1.6mm_P5.00mm_Centered_THT_SMD","13.275000mm","-19.062500mm","270.000000","top"
"C1","100nF","C_MLCC_D3.0mm_W1.6mm_P5.00mm_Centered_THT_SMD","31.690000mm","-6.917500mm","90.000000","top"
