"Comment","Designator","Footprint","LCSC Part Number","MPN","Manufacturer","Description"
"82pF","C2","0805","C1841","0805CG820J500NT","FH (Guangdong Fenghua Advanced Tech)","50V 82pF C0G ±5% 0805 Multilayer Ceramic Capacitors MLCC - SMD/SMT ROHS"
"820pF","C4","0805","C377006","TCC0805X7R821K500DT","CCTC","50V 820pF X7R ±10% 0805 Multilayer Ceramic Capacitors MLCC - SMD/SMT ROHS"
"10nF","C3","0805","C1710","CL21B103KBANNNC","Samsung Electro-Mechanics","10nF 50V X7R ±10% 0805 Multilayer Ceramic Capacitors MLCC - SMD/SMT ROHS"
"100nF","C1","0805","C49678","CC0805KRX7R9BB104","YAGEO","100nF 50V X7R ±10% 0805 Multilayer Ceramic Capacitors MLCC - SMD/SMT ROHS"
"22µF","C5","0805","C45783","CL21A226MAQNNNE","Samsung Electro-Mechanics","22uF 25V X5R ±20% 0805 Multilayer Ceramic Capacitors MLCC - SMD/SMT ROHS"
"1N4148","D1,D2","SOD-123","C81598","1N4148W","ST(Semtech)","150mA 1V@50mA 1uA@75V 4ns 75V Independent SOD-123 Switching Diodes ROHS"
"BC849C","Q1,Q2","SOT-23-3","C475633","BC849C","Shikues","100mA 100nA 200@1mA,5V 300mV 45V NPN SOT-23 Bipolar (BJT) ROHS"
"56Ω","R3","0805","C17757","0805W8F560JT5E","UNI-ROYAL(Uniroyal Elec)","-55℃~+155℃ 125mW 150V 56Ω Thick Film Resistor ±1% ±100ppm/℃ 0805 Chip Resistor - Surface Mount ROHS"
"68Ω","R2","0805","C17802","0805W8F680JT5E","UNI-ROYAL(Uniroyal Elec)","-55℃~+155℃ 125mW 150V 68Ω Thick Film Resistor ±1% ±200ppm/℃ 0805 Chip Resistor - Surface Mount ROHS"
"10kΩ","R1,R4","0805","C17414","0805W8F1002T5E","UNI-ROYAL(Uniroyal Elec)","-55℃~+155℃ 10kΩ 125mW 150V Thick Film Resistor ±1% ±100ppm/℃ 0805 Chip Resistor - Surface Mount ROHS"
"NE555P","U1","SOIC-8","C543060","LM555CMX","Texas Instruments","SOIC-8 Timers / Counters ROHS"
