"Comment","Designator","Footprint","LCSC Part Number"
"100nF_50V_100nF_X7R_±10%_0805_Multilayer_Ceramic_Capacitors_MLCC_-_SMD/SMT_ROHS","C1,C2,C3,C4","0805","C49678"
"1nF_50V_1nF_X7R_±10%_0805_Multilayer_Ceramic_Capacitors_MLCC_-_SMD/SMT_ROHS","C5,C6,C7","0805","C46653"
"10µF_25V_10uF_X5R_±10%_0805_Multilayer_Ceramic_Capacitors_MLCC_-_SMD/SMT_ROHS","C8","0805","C15850"
"1N4148_150mA_1V@50mA_1uA@75V_4ns_75V_Independent_SOD-123_Switching_Diodes_ROHS","D1,D2,D3,D4","SOD-123","C81598"
"25mA_Colorless_transparent_lens_67mcd~195mcd_-30℃~+85℃_615nm~630nm_Individual_diode_Red_130°_65mW_1.6V~2.6V_0805_LED_Indication_-_Discrete_ROHS","LED1","0805","C84256"
"1.2kΩ_-55℃~+155℃_1.2kΩ_125mW_150V_Thick_Film_Resistor_±1%_±100ppm/℃_0805_Chip_Resistor_-_Surface_Mount_ROHS","R1","0805","C17379"
"2.2kΩ_-55℃~+155℃_125mW_150V_2.2kΩ_Thick_Film_Resistor_±1%_±100ppm/℃_0805_Chip_Resistor_-_Surface_Mount_ROHS","R2,R3,R4","0805","C17520"
"2.5N_8.5mm_Black_PC_Pin_Right_Angle_Round_Button_SPST_With_Bracket_Plugin_Tactile_Switches_ROHS","SW1,SW2","Plugin","C499341"
"74LS163_0℃~+70℃_1_25MHz_4.75V~5.25V_Divide-by-2_Rising_Edge_Synchronous_Synchronous_Up_Counter_SOIC-16_Counters,_Dividers_ROHS","U1","SOIC-16","C2675457"
"74LS279_SOIC-16_Latches_ROHS","U2","SOIC-16","C74560"
"27128/W27E257_15.24mm_2.54mm_28P_DIP_Tin_DIP-28_IC_/_Transistor_Socket_ROHS","U3","DIP-28","C72121"
"74LS08_0℃~+70℃_20ns@5V,15pF_2V_4_4.75V~5.25V_400uA_74LS_Series_800mV_8mA_AND_Gate_SOIC-14_Logic_Gates_ROHS","U4","SOIC-14","C6802"
