"Designator","Val","Package","Mid X","Mid Y","Rotation","Layer"
"C2","100nF","C_0805_2012Metric","8.227000mm","-11.067000mm","270.000000","bottom"
"C1","22µF","C_0805_2012Metric","3.923000mm","-5.239500mm","180.000000","bottom"
"J1","+5Vout","PinHeader_1x01_P2.54mm_Vertical","3.103000mm","-2.739500mm","0.000000","bottom"
"J2","GNDout","PinHeader_1x01_P2.54mm_Vertical","3.103000mm","-7.739500mm","0.000000","bottom"
"L1","CM4545Z131B-10","L_CM4545Z131B-10_L11.38_W11.38_H9.32_P2.54","9.326000mm","-13.629500mm","0.000000","top"
"J3","9VAC1out","PinHeader_1x01_P2.54mm_Vertical","3.103000mm","-12.739500mm","0.000000","bottom"
"J4","9VAC2out","PinHeader_1x01_P2.54mm_Vertical","3.103000mm","-17.739500mm","0.000000","bottom"
"J5","9VAC2in","PinHeader_1x01_P2.54mm_Vertical","10.723000mm","-17.739500mm","0.000000","bottom"
"J6","9VAC1in","PinHeader_1x01_P2.54mm_Vertical","10.723000mm","-12.739500mm","0.000000","bottom"
"J7","GNDin","PinHeader_1x01_P2.54mm_Vertical","10.723000mm","-7.739500mm","0.000000","bottom"
"J8","+5Vin","PinHeader_1x01_P2.54mm_Vertical","10.723000mm","-2.739500mm","0.000000","bottom"
"F1","TPS25200","WSON-6-1EP_2x2mm_P0.65mm_EP1x1.6mm","7.500000mm","-5.000000mm","270.000000","bottom"
"R2","300kΩ","R_0805_2012Metric_Pad1.20x1.40mm_HandSolder","7.733000mm","-7.600000mm","0.000000","bottom"
"R1","68kΩ","R_0805_2012Metric_Pad1.20x1.40mm_HandSolder","6.500000mm","-2.149500mm","180.000000","bottom"
