"Designator","Val","Package","Mid X","Mid Y","Rotation","Layer"
"J1","I2C","PinSocket_1x05_P2.54mm_Vertical","6.500000mm","-12.065000mm","270.000000","bottom"
"BT1","CR927","BatteryHolder_Keystone_3030_1x16.10mm","10.622000mm","-6.711000mm","323.000000","bottom"
"C1","100nF","C_0805_2012Metric_Pad1.18x1.45mm_HandSolder","15.297500mm","-12.144000mm","0.000000","top"
"R1","4.3kΩ","R_0805_2012Metric_Pad1.20x1.40mm_HandSolder","5.020000mm","-12.144000mm","0.000000","top"
"R2","4.3kΩ","R_0805_2012Metric_Pad1.20x1.40mm_HandSolder","10.140000mm","-12.144000mm","180.000000","top"
"RTC1","DS3231","SOIC-16W_7.5x10.3mm_P1.27mm","12.565000mm","-5.699000mm","90.000000","top"
