"Comment","Designator","Footprint","LCSC Part Number"
"10nF_50V_10nF_X7R_±10%_0805_Multilayer_Ceramic_Capacitors_MLCC_-_SMD/SMT_ROHS","C11","0805","C1710"
"100Ω_-55℃~+155℃_125mW_150V_100Ω_Thick_Film_Resistor_±1%_±100ppm/℃_0805_Chip_Resistor_-_Surface_Mount_ROHS","R15,R20","0805","C17408"
"10kΩ_-55℃~+155℃_10kΩ_125mW_150V_Thick_Film_Resistor_±1%_±100ppm/℃_0805_Chip_Resistor_-_Surface_Mount_ROHS","R9,R14,R17,R18","0805","C17414"
"10Ω_-55℃~+155℃_10Ω_125mW_150V_Thick_Film_Resistor_±1%_±200ppm/℃_0805_Chip_Resistor_-_Surface_Mount_ROHS","R13","0805","C17415"
"120Ω_-55℃~+155℃_120Ω_125mW_150V_Thick_Film_Resistor_±1%_±100ppm/℃_0805_Chip_Resistor_-_Surface_Mount_ROHS","R1,R4","0805","C17437"
"1kΩ_-55℃~+155℃_125mW_150V_1kΩ_Thick_Film_Resistor_±1%_±100ppm/℃_0805_Chip_Resistor_-_Surface_Mount_ROHS","R10,R12","0805","C17513"
"220Ω_-55℃~+155℃_125mW_150V_220Ω_Thick_Film_Resistor_±1%_±100ppm/℃_0805_Chip_Resistor_-_Surface_Mount_ROHS","R2,R3,R11,R16,R19","0805","C17557"
"510Ω_-55℃~+155℃_125mW_150V_510Ω_Thick_Film_Resistor_±1%_±100ppm/℃_0805_Chip_Resistor_-_Surface_Mount_ROHS","R6","0805","C17734"
"68kΩ_125mW_Thick_Film_Resistors_150V_±100ppm/℃_±1%_68kΩ_0805_Chip_Resistor_-_Surface_Mount_ROHS","R5","0805","C17801"
"-25℃~+70℃_300mA_4.4mm_4.7mm_50V_8.7mm_SPDT_Plugin-5P,8.7x4.4mm_Slide_Switches_ROHS","SW5,SW6,SW7,SW9","Plugin-5P,8.7x4.4mm","C22383479"
"270Ω_-55℃~+155℃_125mW_150V_270Ω_Thick_Film_Resistor_±100ppm/℃_±5%_0805_Chip_Resistor_-_Surface_Mount_ROHS","R7","0805","C25298"
"75Ω_-55℃~+155℃_125mW_150V_75Ω_Thick_Film_Resistor_±100ppm/℃_±5%_0805_Chip_Resistor_-_Surface_Mount_ROHS","R8","0805","C25327"
"-20℃~+70℃_30V_DPDT_PC_Pin_Rectangular_Columnar_Through_Hole_Plugin_Slide_Switches_ROHS","SW2,SW10","Plugin","C2682503"
"82pF_50V_82pF_C0G_±5%_0805_Multilayer_Ceramic_Capacitors_MLCC_-_SMD/SMT_ROHS","C9,C10","0805","C282712"
"RGBS_Through_Hole_270º_PCB_Mount_Right_Angle_Circular_DIN_8pos_Connectors_ROHS","J2","DIN-8P270","C2939348"
"330nF_330nF_50V_X7R_±10%_0805_Multilayer_Ceramic_Capacitors_MLCC_-_SMD/SMT_ROHS","C8","0805","C309049"
"-25℃~+85℃_1_1x2P_2_2.5mm_2.5mm_250V_2A_2P_5.9mm_7.5mm_7mm_Brass_PA66_Through_Hole_Tin_UL94V-0_White_XH_Plugin,P=2.54mm_Wire_To_Board_Connector_ROHS","J6,J7,J8","Plugin,P=2.54mm","C42422438"
"1µF_1000hrs@105℃_11mm_1uF_2mm_50V_5mm_±20%_Plugin,D5xL11mm_Aluminum_Electrolytic_Capacitors_-_Leaded_ROHS","C5","Plugin,D5xL11mm","C43342"
"100µF_-40℃~+105℃_1000hrs@105℃_100uF_16V_2mm_5mm_7mm_±20%_Plugin,D5xL7mm_Aluminum_Electrolytic_Capacitors_-_Leaded_ROHS","C3,C4","Plugin,D5xL7mm","C43803"
"DD4012SA_6V_-40℃~+105℃@(Ta)_1_1.2A_21V_6V_6mA_Fixed_Over_Temperature_Protection_Positive_TO-220_Voltage_Regulators_-_Linear,_Low_Drop_Out_(LDO)_Regulators_ROHS","U3","TO-220","C443685"
"10µF_-40℃~+105℃_100mA@100kHz_10uF_11mm_2000hrs@105℃_25V_2mm_3.3Ω@100kHz_5mm_±20%_Plugin,D5xL11mm_Aluminum_Electrolytic_Capacitors_-_Leaded_ROHS","C6","Plugin,D5xL11mm","C47344176"
"100nF_50V_100nF_X7R_±10%_0805_Multilayer_Ceramic_Capacitors_MLCC_-_SMD/SMT_ROHS","C1,C2,C7,C12,C13","0805","C49678"
"AUDIO_R_Red_RCA_Connector_ROHS","J3","Plugin","C4991691"
"CVBS_Yellow_RCA_Connector_ROHS","J1","Plugin","C4991844"
"AUDIO_L_White_RCA_Connector_ROHS","J4","Plugin","C4992378"
"RESET_12V_50mA_6mm_6mm_8.5mm_Round_Button_SPST_Surface_Mount,_Right_Angle_SMD,6x6mm_Tactile_Switches_ROHS","SW4","SMD,6x6mm","C499330"
"GAME_SP4T_Plugin_Slide_Switches_ROHS","SW3","Plugin","C5274480"
"100uH","L1","Plugin,D4xL10.5mm","C5289224"
"MANUAL_SERVE_-25℃~+70℃_100,000_Cycles_12V_2.5N_50mA_6mm_6mm_7mm_Black_No_PC_Pin_Round_Button_SPST_Through_Hole_Without_Bracket_Plugin_Tactile_Switches_ROHS","SW8","Plugin","C5340140"
"DC_POWER_Plugin_DC_Power_Connectors_ROHS","J5","Plugin","C5441017"
"1.2kΩ@100MHz 500mΩ 0805 Ferrite Beads ROHS","FB1","0805","C6639322"
"CD4075B_14P_2.54mm_7.62mm_DIP_Tin_DIP-14_IC_/_Transistor_Socket_ROHS","U2","DIP-14","C72114"
"AY-3-8500_15.24mm_2.54mm_28P_DIP_Tin_DIP-28_IC_/_Transistor_Socket_ROHS","U1","DIP-28","C72121"
"DF210-G_-55℃~+150℃_1.1V@2A_10uA_1kV_2A_60A_DB_Bridge_Rectifiers_ROHS","DB1","DB","C7541504"
"1N4148_150mA_1V@50mA_1uA@75V_4ns_75V_Independent_SOD-123_Switching_Diodes_ROHS","D1,D2,D3,D4,D5","SOD-123","C81598"
"ON_25mA_Colorless_transparent_lens_67mcd~195mcd_-30℃~+85℃_615nm~630nm_Individual_diode_Red_130°_65mW_1.6V~2.6V_0805_LED_Indication_-_Discrete_ROHS","LED1","0805","C84256"
"40V 100@150mA,10V 300mW 600mA NPN SOT-23 Bipolar (BJT) ROHS","Q1,Q2","SOT-23","C8512"
