"Comment","Designator","Footprint","LCSC Part Number"
"100nF 50V X7R ±10% 0603 Multilayer Ceramic Capacitors MLCC - SMD/SMT ROHS","C1","0603","C14663"
"10V 10uF X5R ±10% 0603 Multilayer Ceramic Capacitors MLCC - SMD/SMT ROHS","C2,C3,C4","0603","C19702"
"-40℃~+105℃_1_1x4P_2.54mm_2.54mm_2.54mm_250V_3A_3mm_4P_6mm_Black_Brass_Gold_Pin_Header_Through_Hole_Plugin,P=2.54mm_Pin_Headers_ROHS","J2","Plugin,P=2.54mm","C6332197"
"-55℃~+150℃ 100@150mA,10V 10nA 300MHz 300mW 40V 600mA 6V NPN SOT-23 Bipolar (BJT) ROHS","Q1","SOT-23","C8512"
"-55℃~+155℃ 100mW 10kΩ 75V Thick Film Resistor ±1% ±100ppm/℃ 0603 Chip Resistor - Surface Mount ROHS","R1,R2,R3,R5","0603","C25804"
"-55℃~+155℃ 100mW 1kΩ 75V Thick Film Resistor ±1% ±100ppm/℃ 0603 Chip Resistor - Surface Mount ROHS","R4","0603","C21190"
"-40℃~+125℃ 1 1 10.6ns@5V,50pF 1uA 2.2V~3.85V 2V~5.5V 74AHC Series 8mA 8mA 900mV~1.65V Schmitt Trigger SC-74A Inverters ROHS","U1","SC-74A","C5513"
