"Designator","Val","Package","Mid X","Mid Y","Rotation","Layer"
"F1","TPS25200","WSON-6-1EP_2x2mm_P0.65mm_EP1x1.6mm","3.700000mm","-12.550000mm","90.000000","bottom"
"C2","100nF","C_0805_2012Metric","3.700000mm","-7.366000mm","180.000000","bottom"
"C1","22µF","C_0805_2012Metric","6.858000mm","-13.500000mm","90.000000","bottom"
"J3","VIN+","PinHeader_1x01_P2.54mm_Vertical","8.095000mm","-20.955000mm","0.000000","bottom"
"J1","VOUT+","PinHeader_1x01_P2.54mm_Vertical","8.095000mm","-1.905000mm","0.000000","bottom"
"J2","VIN-","PinHeader_1x01_P2.54mm_Vertical","3.015000mm","-20.955000mm","0.000000","bottom"
"L5","1.2µH","L_5.0x5.0_H2","7.250000mm","-12.052500mm","270.000000","top"
"R2","300kΩ","R_0805_2012Metric_Pad1.20x1.40mm_HandSolder","3.700000mm","-9.733000mm","180.000000","bottom"
"R1","68kΩ","R_0805_2012Metric_Pad1.20x1.40mm_HandSolder","3.015000mm","-15.517000mm","180.000000","bottom"
