"Comment","Designator","Footprint","LCSC Part Number"
"100nF_50V","C1,C2,C3,C4,C5,C6","0603","C76711"
"10µF_50V","C7","0603","C19702"
"1N4148WX_Switching_Diode","D1,D2,D3,D4","SOD-323","C41371421"
"6-15V_100mA_15V_100mA_PPTC","F1","0603","C210355"
"600Ω_100MHz_Ferrite_Bead","FB1","0603","C280690"
"Mini-B_USB_SMD","J1","SMD","C428494"
"PWR_LED","LED1","0603","C2986009"
"CLK_LED","LED2","0603","C5151484"
"PC_LED","LED3","0603","C5160692"
"A_LED","LED4","0603","C2760781"
"100kΩ_100mW_±1%_Resistor","R1","0603","C25803"
"47kΩ_100mW_±1%_Resistor","R2","0603","C25819"
"1kΩ_4x_Resistor_Array","RN1","0603x4","C784824"
"10kΩ_4x_Resistor_Array","RN2","0603x4","C2654027"
"Tactile_switch","SW1","6.0x6.4x3.1mm","C707336"
"DIP-2_Slide_Switch","SW2,SW3","6.0x6.2mm","C976364"
"74HC14_Schmitt_Trigger_Inverter","U1","SOIC-14","C5605"
"74HC74_Dual_D-Type_Flip-Flop","U2","SOIC-14","C27597"
"74HC1G86_XOR","U3","TSSOP-5","C546708"
"74HC00_Quad_NAND","U4,U5","SOIC-14","C5586"
