Designator,Val,Package,Mid X,Mid Y,Rotation,Layer
J11,ZX SPECTRUM +2/+3 SOCKET,DIP-18_PinHeader_W7.62mm_Socket,1.905000mm,-12.065000mm,90,bottom
J12,ZX SPECTRUM +2/+3 SOCKET,DIP-18_PinHeader_W7.62mm_Socket,9.525000mm,-12.065000mm,90,bottom
R1,75Ω,R_0603_1608Metric,4.572000mm,-10.433000mm,180,top
R2,2.2kΩ,R_0603_1608Metric,4.572000mm,-12.908000mm,0,top
Q1,MMBT3904,SOT-23,4.472000mm,-7.012000mm,180,top
D1,1N4148WS,D_SOD-323-2,4.572000mm,-16.872000mm,270,top
D2,1N4148WS,D_SOD-323-2,4.572000mm,-21.844000mm,270,top
D3,1N4148WS,D_SOD-323-2,1.524000mm,-25.908000mm,270,top
CT1,3-15pF,C_Trimmer_Voltronics_JZ,10.795000mm,-26.035000mm,180,top
C2,39pF,C_0603_1608Metric,6.350000mm,-26.035000mm,90,top
C1,39pF,C_0603_1608Metric,3.810000mm,-26.035000mm,90,top
U1,TEA2000 SOCKET,DIP-18_W7.62mm_Socket,11.080000mm,-12.065000mm,90,top
L1,15µH,L_Abracon_AISC-0805F,15.240000mm,-26.035000mm,90,top
