Comment,Designator,Footprint,LCSC Part Number
250V 43pF C0G ±1% 0603 Multilayer Ceramic Capacitors MLCC - SMD/SMT ROHS,C1,"0603",C2170918
39pF_100V_39pF_C0G_±1%_0603_Multilayer_Ceramic_Capacitors_MLCC_-_SMD/SMT_ROHS,C2,"0603",C1864239
"-25℃~+85℃ 0%~+50% 1.5mm 100V 3.2mm 3pF~10pF 4.5mm 600@1MHz SMD,4.5x3.2mm Trimmers, Variable Capacitors ROHS",CT1,"SMD,4.5x3.2mm",C22468121
1N4148WS_100V_Independent_Type_1.25V@150mA_4ns_150mA_SOD-323_Switching_Diodes_ROHS,"D1,D2,D3",SOD-323,C2128
"ZX_SPECTRUM_+2/+3_SOCKET_-40℃~+105℃_1_1x9P_2.54mm_3A_3mm_3mm_4.13mm_9P_Black_Brass_Gold_Round_Pin_Through_Hole_Plugin,P=2.54mm_Pin_Headers_ROHS","J11,J12","Plugin,P=2.54mm",C5156436
"15µH_10@2.5MHz_15uH_23MHz_80mA_±2%_SMD,2.3x1.7mm_Inductors_(SMD)_ROHS",L1,"SMD,2.3x1.7mm",C186940
"MMBT3904_-55℃~+150℃_1_NPN_100@10mA,1V_100nA_200mA_200mW_300MHz_300mV@50mA,5mA_40V_6V_NPN_SOT-23_Bipolar_(BJT)_ROHS",Q1,SOT-23,C20526
75Ω_-55℃~+155℃_100mW_75V_75Ω_Thick_Film_Resistor_±1%_±100ppm/℃_0603_Chip_Resistor_-_Surface_Mount_ROHS,R1,"0603",C4275
2.2kΩ_-55℃~+155℃_100mW_2.2kΩ_75V_Thick_Film_Resistor_±1%_±100ppm/℃_0603_Chip_Resistor_-_Surface_Mount_ROHS,R2,"0603",C4190
TEA2000_SOCKET_-40℃~+105℃ 18P 2.54mm 7.62mm DIP Round Hole DIP-18 IC / Transistor Socket ROHS,U1,DIP-18,C2874011
